data_column_name;orig_column_name;data_table_name;data_set_name;orig_type;description;code_system;sources;formation_rule;is_primary_key;foreign_key;format;unit_of_measure;pseudonymization_function;status;comment;source_document;metadata_last_updated;hive_type
ovc_id;NULL;v_ordinalvariablechoices;ca;NVARCHAR;Unique internal revision-dependent ID of the aggregatedvalue choice per variable item.;UTF-8;UTF-8;;1;;;;PASS;;;;NULL;NULL
ovc_updatetime;NULL;v_ordinalvariablechoices;ca;TIMESTAMP;The time when the V_OrdinalVariableChoices entry wasgenerated by the Warehouse transfer.;UTF-8;UTF-8;;NULL;;;;PASS;;;;NULL;NULL
ovc_varid;NULL;v_ordinalvariablechoices;ca;NVARCHAR;Unique internal revision-dependent ID of the variable.;UTF-8;UTF-8;;NULL;;;;PASS;;;;NULL;NULL
ovc_vcid;NULL;v_ordinalvariablechoices;ca;NVARCHAR;Unique internal revision-dependent ID of the value choice.;UTF-8;UTF-8;;NULL;;;;PASS;;;;NULL;NULL
ovc_vardocid;NULL;v_ordinalvariablechoices;ca;NVARCHAR;Unique internal revision-independent ID of the variable.;UTF-8;UTF-8;;NULL;;;;PASS;;;;NULL;NULL
ovc_varmapcode;NULL;v_ordinalvariablechoices;ca;NVARCHAR;The fixed textual external identifier to find the variable (betteruse the systemcode for variable).;UTF-8;UTF-8;;NULL;;;;PASS;;;;NULL;NULL
ovc_varsystemcode;NULL;v_ordinalvariablechoices;ca;NVARCHAR;The fixed textual external identifier to find the variable (pre-ferred to the mapcode).;UTF-8;UTF-8;;NULL;;;;PASS;;;;NULL;NULL
ovc_vcdocid;NULL;v_ordinalvariablechoices;ca;NVARCHAR;Unique internal revision-independent ID of the variable.;UTF-8;UTF-8;;NULL;;;;PASS;;;;NULL;NULL
ovc_vcname;NULL;v_ordinalvariablechoices;ca;NVARCHAR;The name of the ordinal value (e.g., Yes, No, Male).;UTF-8;UTF-8;;NULL;;;;PASS;;;;NULL;NULL
ovc_vcmapcode;NULL;v_ordinalvariablechoices;ca;NVARCHAR;The fixed textual external identifier to find the ordinal value(better use the systemcode for valuechoice).;UTF-8;UTF-8;;NULL;;;;PASS;;;;NULL;NULL
ovc_vcabbreviation;NULL;v_ordinalvariablechoices;ca;NVARCHAR;The abbreviation of the ordinal value.;UTF-8;UTF-8;;NULL;;;;PASS;;;;NULL;NULL
ovc_vcdescription;NULL;v_ordinalvariablechoices;ca;NVARCHAR;Description.;UTF-8;UTF-8;;NULL;;;;PASS;;;;NULL;NULL
ovc_vcsystemcode;NULL;v_ordinalvariablechoices;ca;NVARCHAR;The fixed textual external identifier to find the ordinal value(preferred to the mapcode).V_PatientThis view contains demographic information of the patient. Please note that for every case apatient has, there is one entry in this view with the valid patient data of the time when the casewas closed.;UTF-8;UTF-8;;NULL;;;;PASS;;;;NULL;NULL
asa_id;NULL;v_asaclass;ca;NVARCHAR;Unique internal revision-dependent ID of the aggregatedASAClass item.;UTF-8;UTF-8;;1;;;;PASS;;;;NULL;NULL
asa_updatetime;NULL;v_asaclass;ca;TIMESTAMP;The time when the V_ASAClass entry was generated by theWarehouse transfer;UTF-8;UTF-8;;NULL;;;;PASS;;;;NULL;NULL
asa_docid;NULL;v_asaclass;ca;NVARCHAR;Unique internal ID for the used value choice, identical for dif-ferent revisions of the same item.;UTF-8;UTF-8;;NULL;;;;PASS;;;;NULL;NULL
asa_class;NULL;v_asaclass;ca;NVARCHAR;Name.;UTF-8;UTF-8;;NULL;;;;PASS;;;;NULL;NULL
asa_mapcode;NULL;v_asaclass;ca;NVARCHAR;The fixed textual external identifier to find this item.;UTF-8;UTF-8;;NULL;;;;PASS;;;;NULL;NULL
asa_abbreviation;NULL;v_asaclass;ca;NVARCHAR;Abbreviation.;UTF-8;UTF-8;;NULL;;;;PASS;;;;NULL;NULL
asa_description;NULL;v_asaclass;ca;NVARCHAR;Description.;UTF-8;UTF-8;;NULL;;;;PASS;;;;NULL;NULL
asa_systemcode;NULL;v_asaclass;ca;NVARCHAR;The fixed textual external identifier to find this item.Values:Entries for the ASA classifications from 1 to 5V_BloodGroupThis view contains a list of all available blood group data, aggregated data from tablesVariable, ValueChoice, and ValueChoiceSet. This dimension is referenced in the star model;UTF-8;UTF-8;;NULL;;;;PASS;;;;NULL;NULL
anet_id;NULL;v_anesthesiatechnique;ca;NVARCHAR;Unique internal revision-dependent ID of the aggregatedAnesthesiaTechnique item.;UTF-8;UTF-8;;1;;;;PASS;;;;NULL;NULL
anet_updatetime;NULL;v_anesthesiatechnique;ca;TIMESTAMP;The time when the V_AnesthesiaTechnique entry was gen-erated by the Warehouse transfer.;UTF-8;UTF-8;;NULL;;;;PASS;;;;NULL;NULL
anet_docid;NULL;v_anesthesiatechnique;ca;NVARCHAR;Unique internal ID for the used value choice, identical for dif-ferent revisions of the same item.;UTF-8;UTF-8;;NULL;;;;PASS;;;;NULL;NULL
anet_name;NULL;v_anesthesiatechnique;ca;NVARCHAR;Name.;UTF-8;UTF-8;;NULL;;;;PASS;;;;NULL;NULL
anet_mapcode;NULL;v_anesthesiatechnique;ca;NVARCHAR;The fixed textual external identifier to find this item.;UTF-8;UTF-8;;NULL;;;;PASS;;;;NULL;NULL
anet_abbreviation;NULL;v_anesthesiatechnique;ca;NVARCHAR;Abbreviation.;UTF-8;UTF-8;;NULL;;;;PASS;;;;NULL;NULL
anet_description;NULL;v_anesthesiatechnique;ca;NVARCHAR;Description.;UTF-8;UTF-8;;NULL;;;;PASS;;;;NULL;NULL
anet_systemcode;NULL;v_anesthesiatechnique;ca;NVARCHAR;The fixed textual external identifier to find this item.Examples:•   General anesthesia•   Spinal anesthesia•   Sacral anesthesia•   Epidural anesthesiaV_ASAClassThis view contains a list of all available ASA classes, aggregated data from tables Variable,ValueChoice, ValueChoiceSet. This dimension is referenced in the star model by the;UTF-8;UTF-8;;NULL;;;;PASS;;;;NULL;NULL
blog_id;NULL;v_bloodgroup;ca;NVARCHAR;Unique internal ID of the blood group. Loaded from Sys_-Folder.FirstRevID.;UTF-8;UTF-8;;1;;;;PASS;;;;NULL;NULL
blog_updatetime;NULL;v_bloodgroup;ca;TIMESTAMP;The time when the V_BloodGroup entry was generated bythe Warehouse transfer.Column Name                Data Type     Description;UTF-8;UTF-8;;NULL;;;;PASS;;;;NULL;NULL
blog_aboname;NULL;v_bloodgroup;ca;NVARCHAR;Name of the ABO blood group system: A, B, AB, 0, ? (forunknown).;UTF-8;UTF-8;;NULL;;;;PASS;;;;NULL;NULL
blog_rhfactor;NULL;v_bloodgroup;ca;NVARCHAR;Name of the Rh blood group system: Rh+, Rh-, ? (forunknown).;UTF-8;UTF-8;;NULL;;;;PASS;;;;NULL;NULL
blog_aboid;NULL;v_bloodgroup;ca;NVARCHAR;ID of the ABO blood group system.;UTF-8;UTF-8;;NULL;;;;PASS;;;;NULL;NULL
blog_rhfactorid;NULL;v_bloodgroup;ca;NVARCHAR;ID of the Rh blood group system.Values:Combinations of blood groupsV_CalendarThis prefilled and fixed view contains a fixed list of calendar days. It can be used to makequeries on fact data associated to certain calendar days. The different columns make it easierto do grouping e.g. by month or by quarter, which may be used in some reports.;UTF-8;UTF-8;;NULL;;;;PASS;;;;NULL;NULL
cal_id;NULL;v_calendar;ca;NUMERIC;Unique internal ID.;UTF-8;UTF-8;;1;;;;PASS;;;;NULL;NULL
cal_date;NULL;v_calendar;ca;TIMESTAMP;Complete datetime representation of the date.;UTF-8;UTF-8;;NULL;;;;PASS;;;;NULL;NULL
cal_daynumber;NULL;v_calendar;ca;INTEGER;Day as number.;UTF-8;UTF-8;;NULL;;;;PASS;;;;NULL;NULL
cal_monthnumber;NULL;v_calendar;ca;INTEGER;Month as number (1-12).;UTF-8;UTF-8;;NULL;;;;PASS;;;;NULL;NULL
cal_yearnumber;NULL;v_calendar;ca;INTEGER;Year as 4-digit number.;UTF-8;UTF-8;;NULL;;;;PASS;;;;NULL;NULL
cal_weekday;NULL;v_calendar;ca;NVARCHAR;Weekday as text.;UTF-8;UTF-8;;NULL;;;;PASS;;;;NULL;NULL
cal_weeknumber;NULL;v_calendar;ca;INTEGER;Week as number.;UTF-8;UTF-8;;NULL;;;;PASS;;;;NULL;NULL
cal_monthname;NULL;v_calendar;ca;NVARCHAR;Month as text.;UTF-8;UTF-8;;NULL;;;;PASS;;;;NULL;NULL
cal_quarter;NULL;v_calendar;ca;INTEGER;Yearly quarter as number (1-4).;UTF-8;UTF-8;;NULL;;;;PASS;;;;NULL;NULL
cal_workingday;NULL;v_calendar;ca;INTEGER;Working day number (1-7, 1 = Monday)).V_CasePhaseThis view contains the list of all available case phases. Source table is CaseClass. This;UTF-8;UTF-8;;NULL;;;;PASS;;;;NULL;NULL
casp_id;NULL;v_casephase;ca;NVARCHAR;Unique internal revision-dependent ID.Column Name                Data Type     Description;UTF-8;UTF-8;;1;;;;PASS;;;;NULL;NULL
casp_updatetime;NULL;v_casephase;ca;TIMESTAMP;Last update time of the referenced case class.;UTF-8;UTF-8;;NULL;;;;PASS;;;;NULL;NULL
casp_docid;NULL;v_casephase;ca;NVARCHAR;Unique internal ID per data item, identical for different revi-sions of the same item.;UTF-8;UTF-8;;NULL;;;;PASS;;;;NULL;NULL
casp_name;NULL;v_casephase;ca;NVARCHAR;Name.;UTF-8;UTF-8;;NULL;;;;PASS;;;;NULL;NULL
casp_mapcode;NULL;v_casephase;ca;NVARCHAR;The fixed textual external identifier to find this item.;UTF-8;UTF-8;;NULL;;;;PASS;;;;NULL;NULL
casp_code;NULL;v_casephase;ca;NVARCHAR;Code.;UTF-8;UTF-8;;NULL;;;;PASS;;;;NULL;NULL
casp_abbreviation;NULL;v_casephase;ca;NVARCHAR;Abbreviation.;UTF-8;UTF-8;;NULL;;;;PASS;;;;NULL;NULL
casp_description;NULL;v_casephase;ca;NVARCHAR;Description.Predefined case phases:PERIopPREopINTRAopPOSTopV_CaseTypeThis view contains the list of all available case types. Source table is CaseType. This;UTF-8;UTF-8;;NULL;;;;PASS;;;;NULL;NULL
cast_id;NULL;v_casetype;ca;NVARCHAR;Unique internal revision-dependent ID.;UTF-8;UTF-8;;1;;;;PASS;;;;NULL;NULL
cast_updatetime;NULL;v_casetype;ca;TIMESTAMP;Last update time of the referenced case type.;UTF-8;UTF-8;;NULL;;;;PASS;;;;NULL;NULL
cast_docid;NULL;v_casetype;ca;NVARCHAR;Unique internal ID per data item, identical for different revi-sions of the same item.;UTF-8;UTF-8;;NULL;;;;PASS;;;;NULL;NULL
cast_type;NULL;v_casetype;ca;NVARCHAR;Name.;UTF-8;UTF-8;;NULL;;;;PASS;;;;NULL;NULL
cast_mapcode;NULL;v_casetype;ca;NVARCHAR;The fixed textual external identifier to find this item.;UTF-8;UTF-8;;NULL;;;;PASS;;;;NULL;NULL
cast_abbreviation;NULL;v_casetype;ca;NVARCHAR;Abbreviation.;UTF-8;UTF-8;;NULL;;;;PASS;;;;NULL;NULL
cast_description;NULL;v_casetype;ca;NVARCHAR;Description.;UTF-8;UTF-8;;NULL;;;;PASS;;;;NULL;NULL
cast_code;NULL;v_casetype;ca;NVARCHAR;Short code.Examples:ElectiveEmergencyOrgan donorV_CodePurposeThis view contains a list of all available coding purposes. Source table isCodingSystemPurpose. This dimension is referenced in the star model by the following factviews: V_F_RecCode.;UTF-8;UTF-8;;NULL;;;;PASS;;;;NULL;NULL
codp_id;NULL;v_codepurpose;ca;NVARCHAR;Unique internal revision-dependent ID.;UTF-8;UTF-8;;1;;;;PASS;;;;NULL;NULL
codp_updatetime;NULL;v_codepurpose;ca;TIMESTAMP;Last update time of the referenced coding system purpose.;UTF-8;UTF-8;;NULL;;;;PASS;;;;NULL;NULL
codp_docid;NULL;v_codepurpose;ca;NVARCHAR;Unique internal ID per data item, identical for different revi-sions of the same item.;UTF-8;UTF-8;;NULL;;;;PASS;;;;NULL;NULL
codp_mapcode;NULL;v_codepurpose;ca;NVARCHAR;The fixed textual external identifier to find this item.;UTF-8;UTF-8;;NULL;;;;PASS;;;;NULL;NULL
codp_name;NULL;v_codepurpose;ca;NVARCHAR;Name.;UTF-8;UTF-8;;NULL;;;;PASS;;;;NULL;NULL
codp_code;NULL;v_codepurpose;ca;NVARCHAR;Short code.;UTF-8;UTF-8;;NULL;;;;PASS;;;;NULL;NULL
codp_abbreviation;NULL;v_codepurpose;ca;NVARCHAR;Abbreviation.;UTF-8;UTF-8;;NULL;;;;PASS;;;;NULL;NULL
codp_description;NULL;v_codepurpose;ca;NVARCHAR;Description.Examples:Operation procedureOperation diagnosisPlanned procedurePreop diagnosisV_DurationTypeThis view contains a list of all available types of durations. Source table is D_DurationTypewhich is only for Warehouse purposes. This dimension is referenced in the star model by the;UTF-8;UTF-8;;NULL;;;;PASS;;;;NULL;NULL
dut_id;NULL;v_durationtype;ca;NUMERIC;Unique internal revision-dependent ID.;UTF-8;UTF-8;;1;;;;PASS;;;;NULL;NULL
dut_name;NULL;v_durationtype;ca;NVARCHAR;Name of the duration.;UTF-8;UTF-8;;NULL;;;;PASS;;;;NULL;NULL
dut_description;NULL;v_durationtype;ca;NVARCHAR;Description.;UTF-8;UTF-8;;NULL;;;;PASS;;;;NULL;NULL
timt_id_start;NULL;v_durationtype;ca;NUMERIC;Defines the start time type of this duration (referencesV_TimeType.TimT_ID).;UTF-8;UTF-8;;NULL;;;;PASS;;;;NULL;NULL
timt_id_end;NULL;v_durationtype;ca;NUMERIC;Defines the end time type of this duration (referencesV_TimeType.TimT_ID).;UTF-8;UTF-8;;NULL;;;;PASS;;;;NULL;NULL
casp_id;NULL;v_durationtype;ca;NVARCHAR;Defines the case phase if the duration can be clearlyassigned to a single case phase.Predefined duration types:GE Intraop case duration defined as: Intraop case end - Intraop case startGE Anesthesia duration defined as: Anesthesia end time - Anesthesia start timeGE Surgery duration defined as: Surgery end - Surgery startGE Induction duration defined as: Ready for treatment - Anesthesia start timeGE Time to surgery defined as: Surgery start - Anesthesia start timeGE Postop case duration defined as: Postop case end - Postop case startGE Case duration defined as: Case end - Case startGE Periop case duration defined as: Periop case end - Periop case startV_JobRoleThis view contains the list of all available job roles which can be assigned to staff members.Source table is JobRole. This dimension is referenced in the star model by the following factviews: V_F_StaffUsage.;UTF-8;UTF-8;;NULL;;;;PASS;;;;NULL;NULL
casd_id;NULL;v_f_casedetail;ca;NVARCHAR;Unique internal revision-dependent ID of the aggregatedcase detail item.;UTF-8;UTF-8;;1;;;;PASS;;;;NULL;NULL
casd_updatetime;NULL;v_f_casedetail;ca;TIMESTAMP;The time when the V_F_CaseDetail entry was generated orupdated by the Warehouse transfer.;UTF-8;UTF-8;;NULL;;;;PASS;;;;NULL;NULL
casd_docid;NULL;v_f_casedetail;ca;NVARCHAR;Unique internal ID per data item, identical for different revi-sions of the same item.;UTF-8;UTF-8;;NULL;;;;PASS;;;;NULL;NULL
cals_id;NULL;v_f_casedetail;ca;NUMERIC;StartDate, unique ID referencing to V_Calendar, Used forthe case start time grouping.;UTF-8;UTF-8;;NULL;;;;PASS;;;;NULL;NULL
cale_id;NULL;v_f_casedetail;ca;NUMERIC;EndDate, unique ID referencing to V_Calendar, Used for thecase end time grouping.;UTF-8;UTF-8;;NULL;;;;PASS;;;;NULL;NULL
pat_id;NULL;v_f_casedetail;ca;NVARCHAR;Patient ID, unique ID referencing to V_Patient, Used to getpatient related information for the case. Loaded from thePatient_ContactPerson.FirstRevID.;UTF-8;UTF-8;;NULL;;;;PASS;;;;NULL;NULL
pat_mapid;NULL;v_f_casedetail;ca;NVARCHAR;The fixed textual external identifier to find the patient item(Patient mapcode).;UTF-8;UTF-8;;NULL;;;;PASS;;;;NULL;NULL
pat_folder;NULL;v_f_casedetail;ca;NVARCHAR;Patient folder.;UTF-8;UTF-8;;NULL;;;;PASS;;;;NULL;NULL
casm_id;NULL;v_f_casedetail;ca;NVARCHAR;MainCase ID, unique ID referencing to V_MainCase, Usedto get data from the main (Periop) case where this sub-casebelongs to. If this case is the main (periop) case, it is thesame case identifier. Loaded from the CaseMain.Parent-CaseFrID and can be joined to CaseMain.FirstRevID.;UTF-8;UTF-8;;NULL;;;;PASS;;;;NULL;NULL
casp_id;NULL;v_f_casedetail;ca;NVARCHAR;CasePhase ID, unique internal ID referencing to V_CaseP-hase, Used to get information about the phase of this case.(e.g. periop, preop, intraop, postop). Loaded from the Case-Main.CaseClassFRID and can be joined to CaseClass.First-RevID.;UTF-8;UTF-8;;NULL;;;;PASS;;;;NULL;NULL
cast_id;NULL;v_f_casedetail;ca;NVARCHAR;CaseType ID, unique ID referencing to V_CaseType, Usedto get the type of this case (e.g. elective, emergency).Loaded from the CaseMain.CaseTypeFRID and can bejoined to CaseType.FirstRevID.;UTF-8;UTF-8;;NULL;;;;PASS;;;;NULL;NULL
asa_id;NULL;v_f_casedetail;ca;NVARCHAR;ASA ID, unique ID referencing to V_ASAClass, Used to getthe ASA class of this case. Loaded from the variable Map-Code (e.g. ASA in the global configuration) and can bejoined to ValueChoice.FirstRevID. The variable MapCode isconfigurable.Column Name                 Data Type    Description;UTF-8;UTF-8;;NULL;;;;PASS;;;;NULL;NULL
anet_id;NULL;v_f_casedetail;ca;NVARCHAR;AneTechnique ID, unique ID referencing to V_AnesthesiaT-echnique, Used to get the primary anesthesia technique ofthis case. Loaded from the variable Primary anesthesia tech-nique and can be joined to ValueChoice.FirstRevID.;UTF-8;UTF-8;;NULL;;;;PASS;;;;NULL;NULL
surs_id;NULL;v_f_casedetail;ca;NVARCHAR;SurgicalService ID, unique ID referencing to V_SurgicalSer-vice, Used to get the surgical service of this case. Loadedfrom the CaseMain.ServiceFRID and can be joined to Ser-vice.FirstRevID.;UTF-8;UTF-8;;NULL;;;;PASS;;;;NULL;NULL
pdld_id;NULL;v_f_casedetail;ca;NVARCHAR;Diagnosis ID, unique ID referring to V_ProcDiagList for theprefilled primary diagnosis, Used to get the primary diagno-sis of this case. Loaded from the PatientHealthProb-lem.DiagnosisCodedItemFRID.;UTF-8;UTF-8;;NULL;;;;PASS;;;;NULL;NULL
pdlp_id;NULL;v_f_casedetail;ca;NVARCHAR;Diagnose ID, unique ID referencing to V_ProcDiagList forthe prefilled primary procedure, Used to get the primary pro-cedure of this case. Loaded from the PatientCode.Coded-ItemFRID.;UTF-8;UTF-8;;NULL;;;;PASS;;;;NULL;NULL
loc_id;NULL;v_f_casedetail;ca;NVARCHAR;Location ID, unique ID referencing to V_Location for loca-tions of the patient during this case, Used to get the room ofthis case. (e.g. operating room 1). Loaded from the Patient-Location.RoomFRID combined with PatientLocation.Depart-mentFRID. Can only joined by using theD_Location.Loc_RoomID=Room.FirstRevID and D_Loca-tion.Loc_DepartmentID=Department.FirstRevID.;UTF-8;UTF-8;;NULL;;;;PASS;;;;NULL;NULL
locdischdep_id;NULL;v_f_casedetail;ca;NVARCHAR;Discharge Department ID, unique internal ID referencing to;UTF-8;UTF-8;;NULL;;;;PASS;;;;NULL;NULL
patc_id;NULL;v_f_casedetail;ca;NUMERIC;Patient case age ID, unique ID referencing to V_PatientCaseAge, Used to get patient case age of the case for group-ing, sorting, etc. Precalculated out of the patient's birthdayand case start time, using different granularities dependingon the age. For more details about these granularities, checksection “V_PatientCaseAge”.;UTF-8;UTF-8;;NULL;;;;PASS;;;;NULL;NULL
patg_id;NULL;v_f_casedetail;ca;NVARCHAR;Patient gender ID, unique internal ID referencing to dimen-sion V_PatientGender, Used to get the gender of the patient.Loaded from the variable sex gender and can be joined toValueChoice.FirstRevID.;UTF-8;UTF-8;;NULL;;;;PASS;;;;NULL;NULL
staa_id;NULL;v_f_casedetail;ca;NVARCHAR;Primary Anesthesiologist ID, unique ID referencing toV_Staff, Used to get the last primary anesthesiologist of thiscase. Loaded from the CasePersonnel.FirstRevID and canbe joined to StaffMember.FirstRevID. If more primary or non-primary staff is needed the fact table F_StaffUsage needs tobe joined by using the CasD_ID.;UTF-8;UTF-8;;NULL;;;;NULL;;;;NULL;NULL
stas_id;NULL;v_f_casedetail;ca;NVARCHAR;Primary Surgeon, unique ID referencing to V_Staff, Used toget the last primary surgeon of this case. Loaded from theCasePersonnel.FirstRevID and can be joined to StaffMem-ber.FirstRevID.If more primary or non-primary staff isneeded the fact table F_StaffUsage needs to be joined byusing the CasD_ID.Column Name                Data Type     Description;UTF-8;UTF-8;;NULL;;;;NULL;;;;NULL;NULL
stan_id;NULL;v_f_casedetail;ca;NVARCHAR;Primary Nurse, unique ID referencing to V_Staff, Used to getthe last primary nurse of this case. Loaded from theCasePersonnel.FirstRevID and can be joined to StaffMem-ber.FirstRevID. If more primary or non-primary staff isneeded the fact table F_StaffUsage needs to be joined byusing the CasD_ID.;UTF-8;UTF-8;;NULL;;;;NULL;;;;NULL;NULL
patcla_id;NULL;v_f_casedetail;ca;NVARCHAR;Unique ID referencing to Patient class.;UTF-8;UTF-8;;NULL;;;;PASS;;;;NULL;NULL
spec_id;NULL;v_f_casedetail;ca;NVARCHAR;Unique ID referencing to Specialty of the case.;UTF-8;UTF-8;;NULL;;;;PASS;;;;NULL;NULL
woundcla_id;NULL;v_f_casedetail;ca;NVARCHAR;Unique ID referencing to Wound classification of the case.;UTF-8;UTF-8;;NULL;;;;PASS;;;;NULL;NULL
casd_starttime;NULL;v_f_casedetail;ca;TIMESTAMP;Start time of the case. Loaded from the CaseMain.StartTime.Example: If the row item is an intraop case, then the Start-Time is the intraoperative start time. If the row is a postopcase, then the StartTime is the postoperative start time.;UTF-8;UTF-8;;NULL;;;;PASS;;;;NULL;NULL
casd_endtime;NULL;v_f_casedetail;ca;TIMESTAMP;End time of the case. Loaded from the CaseMain.EndTime.Example: If the row item is an intraop case, then the End-Time is the intraoperative end time. If the row is a periopcase, then the EndTime is the perioperative end time.;UTF-8;UTF-8;;NULL;;;;PASS;;;;NULL;NULL
casd_patientinortime;NULL;v_f_casedetail;ca;TIMESTAMP;Time of the content of the variable Patient in OR (actual) thatis used in some environments as the case start time.;UTF-8;UTF-8;;NULL;;;;PASS;;;;NULL;NULL
casd_patientoutortime;NULL;v_f_casedetail;ca;TIMESTAMP;Time of the content of the variable Patient out of OR that isused in some environments as case end time.;UTF-8;UTF-8;;NULL;;;;PASS;;;;NULL;NULL
casd_agedays;NULL;v_f_casedetail;ca;INTEGER;Patient case age in days. Precalculated day differencebetween the patient;UTF-8;UTF-8;;NULL;;;;PASS;;;;NULL;NULL
casd_agemonth;NULL;v_f_casedetail;ca;INTEGER;Patient case age in months. Precalculated full month differ-ence between the birthday of the patient and the case starttime.;UTF-8;UTF-8;;NULL;;;;PASS;;;;NULL;NULL
casd_ageyears;NULL;v_f_casedetail;ca;INTEGER;Patient case age in years. Precalculated full year differencebetween the birthday of the patient and case start time.;UTF-8;UTF-8;;NULL;;;;PASS;;;;NULL;NULL
dut_id;NULL;v_f_duration;ca;NUMERIC;Revision-dependent ID of the aggregated duration type item.This ID combined with the CasD_ID is unique. It refers to thedimension V_DurationType.;UTF-8;UTF-8;;1;;;;PASS;;;;NULL;NULL
casd_id;NULL;v_f_duration;ca;NVARCHAR;Revision-dependent ID of the aggregated detailed case item.This ID is combined with the DuT_ID unique. It refers to thefact V_F_CaseDetail.;UTF-8;UTF-8;;NULL;;;;PASS;;;;NULL;NULL
dur_updatetime;NULL;v_f_duration;ca;TIMESTAMP;The time when the V_F_Duration entry was generated orupdated by the Warehouse transfer.;UTF-8;UTF-8;;NULL;;;;PASS;;;;NULL;NULL
casm_id;NULL;v_f_duration;ca;NVARCHAR;The MainCase ID refers to the dimension V_MainCasewhich contains the main case item. It is used to get datafrom the main (Periop) case where this sub-case belongs to.If this case is already the main (periop) case, it is the samecase identifier. Loaded from the CaseMain.ParentCaseFrIDand can be joined to CaseMain.FirstRevID.;UTF-8;UTF-8;;NULL;;;;PASS;;;;NULL;NULL
casp_id;NULL;v_f_duration;ca;NVARCHAR;CasePhase ID, unique ID referencing to V_CasePhase,Used to get information about the phase of this case (e.g.periop, preop, intraop, postop). Loaded from the Case-Main.CaseClassFRID and can be joined to CaseClass.First-RevID.;UTF-8;UTF-8;;NULL;;;;PASS;;;;NULL;NULL
pat_id;NULL;v_f_duration;ca;NVARCHAR;Patient ID, unique ID referencing to V_Patient, Used to getpatient related information for the case. Loaded from thePatient_ContactPerson.FirstRevID.;UTF-8;UTF-8;;NULL;;;;PASS;;;;NULL;NULL
cals_id;NULL;v_f_duration;ca;NUMERIC;StartDate, unique ID referencing to V_Calendar.;UTF-8;UTF-8;;NULL;;;;PASS;;;;NULL;NULL
cale_id;NULL;v_f_duration;ca;NUMERIC;EndDate, unique ID referencing to V_Calendar.;UTF-8;UTF-8;;NULL;;;;PASS;;;;NULL;NULL
cast_id;NULL;v_f_duration;ca;NVARCHAR;CaseType ID, unique ID referencing to V_CaseType, Usedto get the type of this case (e.g. elective, emergency).Loaded from the CaseMain.CaseTypeFRID and can bejoined to CaseType.FirstRevID.;UTF-8;UTF-8;;NULL;;;;PASS;;;;NULL;NULL
loc_id;NULL;v_f_duration;ca;NVARCHAR;Location ID, unique ID referencing to V_Location (locationsfor patient), Used to get the room of this case (e.g. operatingroom 1). Loaded from the PatientLocation.RoomFRID com-bined with PatientLocation.DepartmentFRID. Can only bejoined to the base tables by using the V_Loca-tion.Loc_RoomID=Room.FirstRevID and V_Loca-tion.Loc_DepartmentID=Department.FirstRevID.;UTF-8;UTF-8;;NULL;;;;PASS;;;;NULL;NULL
asa_id;NULL;v_f_duration;ca;NVARCHAR;ASA ID, unique ID referencing to V_ASAClass, Used to getthe ASA class of this case. Loaded from the variable Map-Code (e.g. ASA in the global configuration) and can bejoined to ValueChoice.FirstRevID. The variable MapCode isconfigurable.Column Name                 Data Type    Description;UTF-8;UTF-8;;NULL;;;;PASS;;;;NULL;NULL
anet_id;NULL;v_f_duration;ca;NVARCHAR;AneTechnique ID, unique ID referencing to V_AnesthesiaT-echnique, Used to get the primary anesthesia technique ofthis case. Loaded from the variable Primary anesthesia tech-nique and can be joined to ValueChoice.FirstRevID.;UTF-8;UTF-8;;NULL;;;;PASS;;;;NULL;NULL
surs_id;NULL;v_f_duration;ca;NVARCHAR;SurgicalService ID, unique ID referencing to V_SurgicalSer-vice, Used to get the surgical service of this case. Loadedfrom the CaseMain.ServiceFRID and can be joined to Ser-vice.FirstRevID.;UTF-8;UTF-8;;NULL;;;;PASS;;;;NULL;NULL
pdld_id;NULL;v_f_duration;ca;NVARCHAR;Diagnose ID, unique ID referencing to V_ProcDiagList (Pri-mary Diagnose), Used to get the primary diagnosis of thiscase. Loaded from the PatientHealthProblem.Diagnosis-CodedItemFRID.;UTF-8;UTF-8;;NULL;;;;PASS;;;;NULL;NULL
pdlp_id;NULL;v_f_duration;ca;NVARCHAR;Diagnose ID, unique ID referencing to V_ProcDiagList (Pri-mary Procedure), Used to get the primary procedure of thiscase. Loaded from the PatientCode.CodedItemFRID.;UTF-8;UTF-8;;NULL;;;;PASS;;;;NULL;NULL
patc_id;NULL;v_f_duration;ca;NUMERIC;Patient case age ID, unique ID referencing to V_PatientCa-seAge, Used to get patient case age of the case for group-ing, sorting, etc. Precalculated out of the patient's birthdayand case start time, using different granularities dependingon the age. For more details about these granularities, checksection “V_PatientCaseAge”.;UTF-8;UTF-8;;NULL;;;;PASS;;;;NULL;NULL
staa_id;NULL;v_f_duration;ca;NVARCHAR;Primary Anesthesiologist ID, unique ID referencing toV_Staff, Used to get the last primary anesthesiologist of thiscase. Loaded from the CasePersonnel.FirstRevID and canbe joined to StaffMember.FirstRevID. If more primary or non-primary staff is needed the fact table F_StaffUsage needs tobe joined by using the CasD_ID.;UTF-8;UTF-8;;NULL;;;;NULL;;;;NULL;NULL
stas_id;NULL;v_f_duration;ca;NVARCHAR;Primary Surgeon, unique ID referencing to V_Staff, Used toget the last primary surgeon of this case. Loaded from theCasePersonnel.FirstRevID and can be joined to StaffMem-ber.FirstRevID. If more primary or non-primary staff isneeded the fact table F_StaffUsage needs to be joined byusing the CasD_ID.;UTF-8;UTF-8;;NULL;;;;NULL;;;;NULL;NULL
stan_id;NULL;v_f_duration;ca;NVARCHAR;Primary Nurse, unique ID referencing to V_Staff, Used to getthe last primary nurse of this case. Loaded from theCasePersonnel.FirstRevID and can be joined to StaffMem-ber.FirstRevID. If more primary or non-primary staff isneeded the fact table F_StaffUsage needs to be joined byusing the CasD_ID.;UTF-8;UTF-8;;NULL;;;;NULL;;;;NULL;NULL
patcla_id;NULL;v_f_duration;ca;NVARCHAR;Patient class, unique ID referencing to V_PatientClass.;UTF-8;UTF-8;;NULL;;;;PASS;;;;NULL;NULL
spec_id;NULL;v_f_duration;ca;NVARCHAR;Specialty of the case, unique ID referencing to V_Speciality .;UTF-8;UTF-8;;NULL;;;;PASS;;;;NULL;NULL
woundcla_id;NULL;v_f_duration;ca;NVARCHAR;Wound classification of the case, unique ID referencing toV_WoundClass.;UTF-8;UTF-8;;NULL;;;;PASS;;;;NULL;NULL
dur_starttime;NULL;v_f_duration;ca;TIMESTAMP;Duration start time.;UTF-8;UTF-8;;NULL;;;;PASS;;;;NULL;NULL
dur_endtime;NULL;v_f_duration;ca;TIMESTAMP;Duration end time.;UTF-8;UTF-8;;NULL;;;;PASS;;;;NULL;NULL
dur_durationminutes;NULL;v_f_duration;ca;INTEGER;Duration in minutes (Null if duration is negative).;UTF-8;UTF-8;;NULL;;;;PASS;;;;NULL;NULL
dur_origerrdurationminutes;NULL;v_f_duration;ca;INTEGER;Duration in minutes, if duration is negative (End time beforestart time).;UTF-8;UTF-8;;NULL;;;;PASS;;;;NULL;NULL
locu_id;NULL;v_f_locationusage;ca;NVARCHAR;Unique internal revision-dependent ID of the aggregatedlocation usage item.;UTF-8;UTF-8;;1;;;;PASS;;;;NULL;NULL
locu_updatetime;NULL;v_f_locationusage;ca;TIMESTAMP;The time when the V_F_LocationUsage entry was gener-ated or updated by the Warehouse transfer.;UTF-8;UTF-8;;NULL;;;;PASS;;;;NULL;NULL
locu_docid;NULL;v_f_locationusage;ca;NVARCHAR;Unique internal ID per data item, identical for different revi-sions of the same item.;UTF-8;UTF-8;;NULL;;;;PASS;;;;NULL;NULL
cals_id;NULL;v_f_locationusage;ca;NUMERIC;StartDate, unique ID referencing to V_Calendar.;UTF-8;UTF-8;;NULL;;;;PASS;;;;NULL;NULL
cale_id;NULL;v_f_locationusage;ca;NUMERIC;EndDate, unique ID referencing to V_Calendar.;UTF-8;UTF-8;;NULL;;;;PASS;;;;NULL;NULL
pat_id;NULL;v_f_locationusage;ca;NVARCHAR;Patient ID, unique ID referencing to V_Patient, Used to getpatient-related information for the case. Loaded from thePatient_ContactPerson.FirstRevID.;UTF-8;UTF-8;;NULL;;;;PASS;;;;NULL;NULL
casm_id;NULL;v_f_locationusage;ca;NVARCHAR;MainCase ID, unique ID referencing to V_MainCase, Usedto get data from the main (Periop) case where this sub-casebelongs to. If this case is already the main (periop) case, it isthe same case identifier. Loaded from the CaseMain.Parent-CaseFrID and can be joined to CaseMain.FirstRevID.;UTF-8;UTF-8;;NULL;;;;PASS;;;;NULL;NULL
casd_id;NULL;v_f_locationusage;ca;NVARCHAR;CaseDetail ID, unique ID referencing to V_F_CaseDetail.;UTF-8;UTF-8;;NULL;;;;PASS;;;;NULL;NULL
casp_id;NULL;v_f_locationusage;ca;NVARCHAR;CasePhase ID, unique ID referencing to V_CasePhase,Used to get information about the phase of this case. (e.g.periop, preop, intraop, postop). Loaded from the Case-Main.CaseClassFRID and can be joined to CaseClass.First-RevID.;UTF-8;UTF-8;;NULL;;;;PASS;;;;NULL;NULL
loc_id;NULL;v_f_locationusage;ca;NVARCHAR;Location ID, unique ID referencing to V_Location.;UTF-8;UTF-8;;NULL;;;;PASS;;;;NULL;NULL
loc_departmentid;NULL;v_f_locationusage;ca;NVARCHAR;Department ID, unique ID referencing to V_Location.;UTF-8;UTF-8;;NULL;;;;PASS;;;;NULL;NULL
loc_roomid;NULL;v_f_locationusage;ca;NVARCHAR;Room ID, unique ID referencing to V_Location.;UTF-8;UTF-8;;NULL;;;;PASS;;;;NULL;NULL
locu_starttime;NULL;v_f_locationusage;ca;TIMESTAMP;Location usage Start time.;UTF-8;UTF-8;;NULL;;;;PASS;;;;NULL;NULL
locu_endtime;NULL;v_f_locationusage;ca;TIMESTAMP;Location Usage End time.;UTF-8;UTF-8;;NULL;;;;PASS;;;;NULL;NULL
locu_durationminutes;NULL;v_f_locationusage;ca;INTEGER;Location usage duration in minutes.;UTF-8;UTF-8;;NULL;;;;PASS;;;;NULL;NULL
phacp_id;NULL;v_f_pharmaconsumptionpure;ca;NVARCHAR;Primary key column of the F_PharmaConsumptionPuretable. Includes the FirstRevID of the pharma record andpharma product. Loaded from the PharmaRecord.First-RevID combined with the PharmaProduct.FirstRevID(Pha_ID).;UTF-8;UTF-8;;1;;;;PASS;;;;NULL;NULL
phacp_updatetime;NULL;v_f_pharmaconsumptionpure;ca;TIMESTAMP;The time when the V_F_PharmaConsumptionPure entrywas generated or updated by the Warehouse transfer.;UTF-8;UTF-8;;NULL;;;;PASS;;;;NULL;NULL
phacp_docid;NULL;v_f_pharmaconsumptionpure;ca;NVARCHAR;Unique internal ID per data item, identical for different revi-sions of the same item.;UTF-8;UTF-8;;NULL;;;;PASS;;;;NULL;NULL
calg_id;NULL;v_f_pharmaconsumptionpure;ca;NUMERIC;Given time of the record, unique ID referencing to V_Calen-dar, Used for the given time grouping.;UTF-8;UTF-8;;NULL;;;;PASS;;;;NULL;NULL
pat_id;NULL;v_f_pharmaconsumptionpure;ca;NVARCHAR;Patient ID, unique ID referencing to V_Patient, Used to getpatient related information for the record. Loaded from thePatient_ContactPerson.FirstRevID.;UTF-8;UTF-8;;NULL;;;;PASS;;;;NULL;NULL
casm_id;NULL;v_f_pharmaconsumptionpure;ca;NVARCHAR;MainCase ID, unique ID referencing to V_MainCase, Usedto get data from the main (Periop) case where this recordbelongs to. Loaded from the CaseMain.ParentCaseFrID andcan be joined to CaseMain.FirstRevID.;UTF-8;UTF-8;;NULL;;;;PASS;;;;NULL;NULL
casd_id;NULL;v_f_pharmaconsumptionpure;ca;NVARCHAR;CaseDetail ID, unique ID referencing to V_F_CaseDetail.Used to get information about the detailed case where thisrecord belongs to.;UTF-8;UTF-8;;NULL;;;;PASS;;;;NULL;NULL
casp_id;NULL;v_f_pharmaconsumptionpure;ca;NVARCHAR;CasePhase ID, unique ID referencing to V_CasePhase,Used to get information about the phase of this case (e.g.periop, preop, intraop, postop). Loaded from the Case-Main.CaseClassFRID and can be joined to CaseClass.First-RevID.;UTF-8;UTF-8;;NULL;;;;PASS;;;;NULL;NULL
cast_id;NULL;v_f_pharmaconsumptionpure;ca;NVARCHAR;CaseType ID, unique ID referencing to V_CaseType, Usedto get the type of this case (e.g. elective, emergency).Loaded from the CaseMain.CaseTypeFRID and can bejoined to CaseType.FirstRevID.;UTF-8;UTF-8;;NULL;;;;PASS;;;;NULL;NULL
asa_id;NULL;v_f_pharmaconsumptionpure;ca;NVARCHAR;ASA ID, unique ID referencing to V_ASAClass, Used to getthe ASA class of this case. Loaded from the variable Map-Code (e.g. ASA in the global configuration) and can bejoined to ValueChoice.FirstRevID. The variable MapCode isconfigurable.Column Name                 Data Type    Description;UTF-8;UTF-8;;NULL;;;;PASS;;;;NULL;NULL
anet_id;NULL;v_f_pharmaconsumptionpure;ca;NVARCHAR;AneTechnique ID, unique ID referencing to V_AnesthesiaT-echnique, Used to get the primary anesthesia technique ofthis case. Loaded from the variable Primary anesthesia tech-nique and can be joined to ValueChoice.FirstRevID.;UTF-8;UTF-8;;NULL;;;;PASS;;;;NULL;NULL
surs_id;NULL;v_f_pharmaconsumptionpure;ca;NVARCHAR;SurgicalService ID, unique ID referencing to V_SurgicalSer-vice, Used to get the surgical service of this case. Loadedfrom the CaseMain.ServiceFRID and can be joined to Ser-vice.FirstRevID.;UTF-8;UTF-8;;NULL;;;;PASS;;;;NULL;NULL
pdld_id;NULL;v_f_pharmaconsumptionpure;ca;NVARCHAR;Diagnosis ID, unique ID referencing to V_ProcDiagList forthe prefilled primary diagnosis, Used to get the primary diag-nosis of this case. Loaded from the PatientHealthProb-lem.DiagnosisCodedItemFRID.;UTF-8;UTF-8;;NULL;;;;PASS;;;;NULL;NULL
pdlp_id;NULL;v_f_pharmaconsumptionpure;ca;NVARCHAR;Diagnose ID, unique ID referencing to V_ProcDiagList forthe prefilled primary procedure, Used to get the primary pro-cedure of this case. Loaded from the PatientCode.Coded-ItemFRID.;UTF-8;UTF-8;;NULL;;;;PASS;;;;NULL;NULL
loc_id;NULL;v_f_pharmaconsumptionpure;ca;NVARCHAR;Location ID, unique ID referencing to V_Location for loca-tions of the patient during this case, Used to get the room ofthis case. (E.g. operating room). Loaded from the PatientLo-cation.RoomFRID combined with PatientLocation.Depart-mentFRID. Can only be joined by using theD_Location.Loc_RoomID=Room.FirstRevID and D_Loca-tion.Loc_DepartmentID=Department.FirstRevID.;UTF-8;UTF-8;;NULL;;;;PASS;;;;NULL;NULL
patc_id;NULL;v_f_pharmaconsumptionpure;ca;NUMERIC;Patient case age ID, unique ID referencing to V_PatientCa-seAge, Used to get patient case age of the case for group-ing, sorting etc. Precalculated out of the patient's birthdayand case start time, using different granularities dependingon the age. For more details about these granularities, checksection “V_PatientCaseAge”;UTF-8;UTF-8;;NULL;;;;PASS;;;;NULL;NULL
patg_id;NULL;v_f_pharmaconsumptionpure;ca;NVARCHAR;Patient gender ID, unique internal ID referencing to dimen-sion V_PatientGender, Used to get the gender of the patient.Loaded from the variable sex gender and can be joined toValueChoice.FirstRevID.;UTF-8;UTF-8;;NULL;;;;PASS;;;;NULL;NULL
staa_id;NULL;v_f_pharmaconsumptionpure;ca;NVARCHAR;Primary Anesthesiologist ID, unique ID referencing toV_Staff, Used to get the last primary anesthesiologist of thiscase. Loaded from the CasePersonnel.FirstRevID and canbe joined to StaffMember.FirstRevID. If more primary or non-primary staff is needed, the fact table F_StaffUsage needs tobe joined by using the CasD_ID.;UTF-8;UTF-8;;NULL;;;;NULL;;;;NULL;NULL
stas_id;NULL;v_f_pharmaconsumptionpure;ca;NVARCHAR;Primary Surgeon, unique ID referencing to V_Staff, Used toget the last primary surgeon of this case. Loaded from theCasePersonnel.FirstRevID and can be joined to StaffMem-ber.FirstRevID. If more primary or non-primary staff isneeded, the fact table F_StaffUsage needs to be joined byusing the CasD_ID.;UTF-8;UTF-8;;NULL;;;;NULL;;;;NULL;NULL
stan_id;NULL;v_f_pharmaconsumptionpure;ca;NVARCHAR;Primary Nurse, unique ID referencing to V_Staff, Used to getthe last primary nurse of this case. Loaded from theCasePersonnel.FirstRevID and can be joined to StaffMem-ber.FirstRevID. If more primary or non-primary staff isneeded, the fact table F_StaffUsage needs to be joined byusing the CasD_ID.;UTF-8;UTF-8;;NULL;;;;NULL;;;;NULL;NULL
woundcla_id;NULL;v_f_pharmaconsumptionpure;ca;NVARCHAR;Unique ID referencing to wound classification of the case.Column Name                Data Type     Description;UTF-8;UTF-8;;NULL;;;;PASS;;;;NULL;NULL
phapre_id;NULL;v_f_pharmaconsumptionpure;ca;NVARCHAR;Unique ID referencing to pharma prescription for the pharmarecord.;UTF-8;UTF-8;;NULL;;;;PASS;;;;NULL;NULL
rou_id;NULL;v_f_pharmaconsumptionpure;ca;NVARCHAR;Unique ID referencing dimension V_Route used to get theroute details where the bolus/infusion was given. Can bejoined to Route.FirstRevID.;UTF-8;UTF-8;;NULL;;;;PASS;;;;NULL;NULL
pha_id;NULL;v_f_pharmaconsumptionpure;ca;NVARCHAR;Unique ID referencing to dimension V_PharmaProduct usedto get the details of the consumed pharmaceutical product.Loaded from the PharmaProduct.FirstRevID.;UTF-8;UTF-8;;NULL;;;;PASS;;;;NULL;NULL
phag_id;NULL;v_f_pharmaconsumptionpure;ca;NVARCHAR;Unique ID referencing to dimension V_PharmaGroup usedto get the group of the consumed pharmaceutical product.;UTF-8;UTF-8;;NULL;;;;PASS;;;;NULL;NULL
blog_id;NULL;v_f_pharmaconsumptionpure;ca;NVARCHAR;Unique ID referencing to dimension V_BloodGroup used toget the blood group details where the bolus/infusion wasgiven.;UTF-8;UTF-8;;NULL;;;;PASS;;;;NULL;NULL
phacp_name;NULL;v_f_pharmaconsumptionpure;ca;NVARCHAR;Concatenated names (including pharmaceutical names,)             given amounts and dates) which are shown in the client.;UTF-8;UTF-8;;NULL;;;;PASS;;;;NULL;NULL
phacp_giventime;NULL;v_f_pharmaconsumptionpure;ca;TIMESTAMP;Timestamp when the bolus/infusion was given to the patient.;UTF-8;UTF-8;;NULL;;;;PASS;;;;NULL;NULL
phacp_api;NULL;v_f_pharmaconsumptionpure;ca;TINYINT;API=Active Pharmaceutical Ingredient. This field containsthe information whether the recorded pharma product is theactive (=0) or the additional (=1) medication for this entry ofbolus/infusion.;UTF-8;UTF-8;;NULL;;;;PASS;;;;NULL;NULL
phacp_type;NULL;v_f_pharmaconsumptionpure;ca;INTEGER;"""Describes the type of the recorded consumption entry. It canbe: infusion """"Start"""" (=0), infusion """"Record"""" (=1), infusion""""Stop"""" (end) (=2), bolus (=1003) entry. This value is calcu-lated from PharmaAdminIntent.Type * 1000 + PharmaRe-cord.RecordType. Bolus/Infusion * 1000 + Start/Record/Stop.""";UTF-8;UTF-8;;NULL;;;;PASS;;;;NULL;NULL
phacp_recordedstatus;NULL;v_f_pharmaconsumptionpure;ca;TINYINT;Contains the status of the entire bolus or infusion, indicatingwhether it is completed (0) or still running (1). Normally, itshould have the value 0 in the Warehouse;UTF-8;UTF-8;;NULL;;;;PASS;;;;NULL;NULL
phacp_batchcode;NULL;v_f_pharmaconsumptionpure;ca;NVARCHAR;Unique code of a used bag / batch for the entire bolus / infu-sion, which is used for tracking where the content comesfrom. (E.g. the ID of a blood preservation bag).PhaCP_CumulativeAmount     float(53)     Summarized given amount of the pharma product of thebolus/infusion. The value is only available for correctlystopped infusions and bolus. The summarized value is notprovided for running infusion pharma products (type 0 and1).;UTF-8;UTF-8;;NULL;;;;PASS;;;;NULL;NULL
phacp_cumulativeamount;NULL;v_f_pharmaconsumptionpure;ca;DOUBLE;Summarized given amount of the pharma product of thebolus/infusion. The value is only available for correctlystopped infusions and bolus. The summarized value is notprovided for running infusion pharma products (type 0 and1).;UTF-8;UTF-8;;NULL;;;;PASS;;;;NULL;NULL
uni_id_cumamo;NULL;v_f_pharmaconsumptionpure;ca;NVARCHAR;Foreign key to dimension V_Unit used to get the unit detailsof the PCP_CumulativeValue. Loaded from the Recorded-Composition and can be joined to Unit.FirstRevID.PhaCP_CumulativeVolume     float(53)     Contains the accumulated value of the given volume of theinfusion or bolus pharmaceutical product records at thistime.;UTF-8;UTF-8;;NULL;;;;PASS;;;;NULL;NULL
phacp_cumulativevolume;NULL;v_f_pharmaconsumptionpure;ca;DOUBLE;Contains the accumulated value of the given volume of theinfusion or bolus pharmaceutical product records at thistime.;UTF-8;UTF-8;;NULL;;;;PASS;;;;NULL;NULL
uni_id_cumvol;NULL;v_f_pharmaconsumptionpure;ca;NVARCHAR;Foreign key to dimension V_Unit used to get the unit detailsof the PCP_GivenVolumeValue. Loaded from the Vari-ableValue.UnitFRID and can be joined to Unit.FirstRevID.Column Name               Data Type     DescriptionPhaCP_PeriodicAmount      float(53)     The value of the amount given for this pharmaceutical prod-uct until the recorded timestamp during this infusion / for thisbolus.;UTF-8;UTF-8;;NULL;;;;PASS;;;;NULL;NULL
phacp_periodicamount;NULL;v_f_pharmaconsumptionpure;ca;DOUBLE;The value of the amount given for this pharmaceutical prod-uct until the recorded timestamp during this infusion / for thisbolus.;UTF-8;UTF-8;;NULL;;;;PASS;;;;NULL;NULL
uni_id_peramo;NULL;v_f_pharmaconsumptionpure;ca;NVARCHAR;Foreign key to dimension V_Unit used to get the unit detailsof the PhaCP_PeriodicAmount value. Loaded from the Vari-ableValue.UnitFRID and can be joined to Unit.FirstRevID.PhaCP_PeriodicVolume      float(53)     The value of the volume given for this pharmaceutical prod-uct until the recorded timestamp during this infusion / for thisbolus.;UTF-8;UTF-8;;NULL;;;;PASS;;;;NULL;NULL
phacp_periodicvolume;NULL;v_f_pharmaconsumptionpure;ca;DOUBLE;The value of the volume given for this pharmaceutical prod-uct until the recorded timestamp during this infusion / for thisbolus.;UTF-8;UTF-8;;NULL;;;;PASS;;;;NULL;NULL
uni_id_pervol;NULL;v_f_pharmaconsumptionpure;ca;NVARCHAR;Foreign key to dimension V_Unit used to get the unit detailsof the PhaCP_PeriodicVolume value. Loaded from the Vari-ableValue.UnitFRID and can be joined to Unit.FirstRevID.PhaCP_Rate                float(53)     Contains the rate value of the infusion at the time of therecord.;UTF-8;UTF-8;;NULL;;;;PASS;;;;NULL;NULL
phacp_rate;NULL;v_f_pharmaconsumptionpure;ca;DOUBLE;Contains the rate value of the infusion at the time of therecord.;UTF-8;UTF-8;;NULL;;;;PASS;;;;NULL;NULL
uni_id_rate;NULL;v_f_pharmaconsumptionpure;ca;NVARCHAR;Foreign key to dimension V_Unit used to get the unit detailsof the PhaCP_RateValue. Loaded from the Vari-ableValue.UnitFRID and can be joined to Unit.FirstRevID.PhaCP_RelativeDoseRate    float(53)     Value of the relative dose for the bolus or value of the rela-tive rate for the single infusion entry.;UTF-8;UTF-8;;NULL;;;;PASS;;;;NULL;NULL
phacp_relativedoserate;NULL;v_f_pharmaconsumptionpure;ca;DOUBLE;Value of the relative dose for the bolus or value of the rela-tive rate for the single infusion entry.;UTF-8;UTF-8;;NULL;;;;PASS;;;;NULL;NULL
uni_id_reldosrat;NULL;v_f_pharmaconsumptionpure;ca;NVARCHAR;Foreign key to dimension V_Unit used to get the unit detailsfor the relative dosing or value (PCP_RelativeValue).Loaded from RecordedComposition.DosingUnitFRID andcan be joined to Unit.FirstRevID.PhaCP_RelativeUsedWeight  float(53)     Patient weight which was used to calculate the relative dosefor bolus or the relative rate for the infusion entry.;UTF-8;UTF-8;;NULL;;;;PASS;;;;NULL;NULL
phacp_relativeusedweight;NULL;v_f_pharmaconsumptionpure;ca;DOUBLE;Patient weight which was used to calculate the relative dosefor bolus or the relative rate for the infusion entry.;UTF-8;UTF-8;;NULL;;;;PASS;;;;NULL;NULL
uni_id_relusewei;NULL;v_f_pharmaconsumptionpure;ca;NVARCHAR;Foreign key to dimension V_Unit used to get the unit detailsof the PhaCP_RelativeUsedWeight value. Loaded from theVariableValue.UnitFRID and can be joined to Unit.First-RevID.V_AnesthesiaTechniqueThis view contains a list of all available and used anesthesia techniques, aggregated datafrom the tables Variable, ValueChoice, ValueChoiceSet. This dimension is referenced in the;UTF-8;UTF-8;;NULL;;;;PASS;;;;NULL;NULL
recc_id;NULL;v_f_reccode;ca;NVARCHAR;Unique internal revision-dependent ID of the aggregatedrecorded code item.;UTF-8;UTF-8;;1;;;;PASS;;;;NULL;NULL
recc_updatetime;NULL;v_f_reccode;ca;TIMESTAMP;The time when the V_F_RecCode entry was generated orupdated by the Warehouse transfer.;UTF-8;UTF-8;;NULL;;;;PASS;;;;NULL;NULL
recc_docid;NULL;v_f_reccode;ca;NVARCHAR;Unique internal ID per data item, identical for different revi-sions of the same item.;UTF-8;UTF-8;;NULL;;;;PASS;;;;NULL;NULL
pat_id;NULL;v_f_reccode;ca;NVARCHAR;Patient ID, unique ID referencing to V_Patient.;UTF-8;UTF-8;;NULL;;;;PASS;;;;NULL;NULL
casm_id;NULL;v_f_reccode;ca;NVARCHAR;MainCase ID, unique ID referencing to V_MainCase, Usedto get data from the main (Periop) case where this sub-casebelongs to. If this case is already the main (periop) case, it isthe same case identifier. Loaded from the CaseMain.Parent-CaseFrID and can be joined to CaseMain.FirstRevID.;UTF-8;UTF-8;;NULL;;;;PASS;;;;NULL;NULL
casd_id;NULL;v_f_reccode;ca;NVARCHAR;CaseDetail ID, unique ID referencing to V_F_CaseDetail.;UTF-8;UTF-8;;NULL;;;;PASS;;;;NULL;NULL
casp_id;NULL;v_f_reccode;ca;NVARCHAR;CasePhase ID, unique ID referencing to V_CasePhase,Used to get information about the phase of this case (e.g.periop, preop, intraop, postop). Loaded from the Case-Main.CaseClassFRID and can be joined to CaseClass.First-RevID.;UTF-8;UTF-8;;NULL;;;;PASS;;;;NULL;NULL
cast_id;NULL;v_f_reccode;ca;NVARCHAR;CaseType ID, unique ID referencing to V_CaseType, Usedto get the type of this case (e.g. elective, emergency).Loaded from the CaseMain.CaseTypeFRID and can bejoined to CaseType.FirstRevID.;UTF-8;UTF-8;;NULL;;;;PASS;;;;NULL;NULL
loc_id;NULL;v_f_reccode;ca;NVARCHAR;Location ID, unique ID referencing to V_Location (locationsfor patient), Used to get the room of this case (e.g. operatingroom 1). Loaded from the PatientLocation.RoomFRID com-bined with PatientLocation.DepartmentFRID. Can onlyjoined by using the D_Location.Loc_RoomID=Room.First-RevID and D_Location.Loc_DepartmentID=Department.Fir-stRevID.;UTF-8;UTF-8;;NULL;;;;PASS;;;;NULL;NULL
patc_id;NULL;v_f_reccode;ca;NUMERIC;Patient case age ID, unique ID referencing to V_PatientCa-seAge, Used to get patient case age of the case for group-ing, sorting, etc. Precalculated out of the patient's birthdayand case start time, using different granularities dependingon the age. For more details about these granularities, checksection “V_PatientCaseAge”.;UTF-8;UTF-8;;NULL;;;;PASS;;;;NULL;NULL
patg_id;NULL;v_f_reccode;ca;NVARCHAR;Patient gender ID, unique ID referencing to V_PatientGen-der, Used to get the gender of the patient. Loaded from thevariable 'sex gender' and can be joined to ValueChoice.First-RevID.;UTF-8;UTF-8;;NULL;;;;PASS;;;;NULL;NULL
pdl_id;NULL;v_f_reccode;ca;NVARCHAR;Procedure ID, unique ID referencing to V_ProcDiagList.;UTF-8;UTF-8;;NULL;;;;PASS;;;;NULL;NULL
codp_id;NULL;v_f_reccode;ca;NVARCHAR;CodePurpose ID, unique ID referencing to V_CodePurpose.;UTF-8;UTF-8;;NULL;;;;PASS;;;;NULL;NULL
recc_type;NULL;v_f_reccode;ca;TINYINT;1 = Diagnosis, 2 = Procedure.;UTF-8;UTF-8;;NULL;;;;PASS;;;;NULL;NULL
recc_primary;NULL;v_f_reccode;ca;NVARCHAR;Primary Recorded code (0 if not, 1 if yes).;UTF-8;UTF-8;;NULL;;;;PASS;;;;NULL;NULL
recc_side;NULL;v_f_reccode;ca;NVARCHAR;Side of the Recorded code.Column Name               Data Type     Description;UTF-8;UTF-8;;NULL;;;;PASS;;;;NULL;NULL
recc_reoperation;NULL;v_f_reccode;ca;TINYINT;Re operation (0 if not, 1 if yes).;UTF-8;UTF-8;;NULL;;;;PASS;;;;NULL;NULL
recc_comment;NULL;v_f_reccode;ca;NVARCHAR;Comment for the Recorded code.;UTF-8;UTF-8;;NULL;;;;PASS;;;;NULL;NULL
recc_priority;NULL;v_f_reccode;ca;INTEGER;Priority for the Recorded code.;UTF-8;UTF-8;;NULL;;;;PASS;;;;NULL;NULL
recc_starttime;NULL;v_f_reccode;ca;TIMESTAMP;Start time for the Recorded code.;UTF-8;UTF-8;;NULL;;;;PASS;;;;NULL;NULL
recc_endtime;NULL;v_f_reccode;ca;TIMESTAMP;End time for the Recorded code.;UTF-8;UTF-8;;NULL;;;;PASS;;;;NULL;NULL
recc_procdescription;NULL;v_f_reccode;ca;NVARCHAR;Recorded code description.;UTF-8;UTF-8;;NULL;;;;PASS;;;;NULL;NULL
stau_id;NULL;v_f_staffusage;ca;NVARCHAR;Unique internal revision-dependent ID of the aggregatedstaff usage item.;UTF-8;UTF-8;;1;;;;PASS;;;;NULL;NULL
stau_updatetime;NULL;v_f_staffusage;ca;TIMESTAMP;The time when the V_F_StaffUsage entry was generated orupdated by the Warehouse transfer.;UTF-8;UTF-8;;NULL;;;;PASS;;;;NULL;NULL
stau_pdid;NULL;v_f_staffusage;ca;NVARCHAR;PersonOnDuty ID;UTF-8;UTF-8;;NULL;;;;NULL;;;;NULL;NULL
stau_docid;NULL;v_f_staffusage;ca;NVARCHAR;Unique internal ID per data item, identical for different revi-sions of the same item. (DocID for PersonOnDuty).;UTF-8;UTF-8;;NULL;;;;PASS;;;;NULL;NULL
cals_id;NULL;v_f_staffusage;ca;NUMERIC;StartDate, unique ID referencing to V_Calendar.;UTF-8;UTF-8;;NULL;;;;PASS;;;;NULL;NULL
cale_id;NULL;v_f_staffusage;ca;NUMERIC;EndDate, unique ID referencing to V_Calendar.;UTF-8;UTF-8;;NULL;;;;PASS;;;;NULL;NULL
pat_id;NULL;v_f_staffusage;ca;NVARCHAR;Patient ID, unique ID referencing to V_Patient, Used to getpatient-related information for the case. Loaded from thePatient_ContactPerson.FirstRevID.;UTF-8;UTF-8;;NULL;;;;PASS;;;;NULL;NULL
casm_id;NULL;v_f_staffusage;ca;NVARCHAR;MainCase ID, unique ID referencing to V_MainCase, Usedto get data from the main (Periop) case where this sub-casebelongs to. If this case is already the main (periop) case, it isthe same case identifier. Loaded from the CaseMain.Parent-CaseFrID and can be joined to CaseMain.FirstRevID.;UTF-8;UTF-8;;NULL;;;;PASS;;;;NULL;NULL
casd_id;NULL;v_f_staffusage;ca;NVARCHAR;CaseDetail ID, unique ID referencing to V_F_CaseDetail.;UTF-8;UTF-8;;NULL;;;;PASS;;;;NULL;NULL
casp_id;NULL;v_f_staffusage;ca;NVARCHAR;CasePhase ID, unique ID referencing to V_CasePhase,Used to get information about the phase of this case. (e.g.periop, preop, intraop, postop). Loaded from the Case-Main.CaseClassFRID and can be joined to CaseClass.First-RevID.;UTF-8;UTF-8;;NULL;;;;PASS;;;;NULL;NULL
sta_id;NULL;v_f_staffusage;ca;NVARCHAR;Staff ID, unique ID referencing to V_Staff.;UTF-8;UTF-8;;NULL;;;;NULL;;;;NULL;NULL
job_id;NULL;v_f_staffusage;ca;NVARCHAR;JobRole ID, unique ID referencing to V_JobRole.;UTF-8;UTF-8;;NULL;;;;NULL;;;;NULL;NULL
stau_starttime;NULL;v_f_staffusage;ca;TIMESTAMP;Staff Usage start time.;UTF-8;UTF-8;;NULL;;;;PASS;;;;NULL;NULL
stau_endtime;NULL;v_f_staffusage;ca;TIMESTAMP;StaffUsage end time.;UTF-8;UTF-8;;NULL;;;;PASS;;;;NULL;NULL
stau_workminutes;NULL;v_f_staffusage;ca;INTEGER;StaffUsage duration in minutes.;UTF-8;UTF-8;;NULL;;;;PASS;;;;NULL;NULL
stau_isprimary;NULL;v_f_staffusage;ca;BIT;Primary Staff (0 if not, 1 if yes).;UTF-8;UTF-8;;NULL;;;;PASS;;;;NULL;NULL
stau_other;NULL;v_f_staffusage;ca;NVARCHAR;Other personnel recorded (0 if not, 1 if yes).;UTF-8;UTF-8;;NULL;;;;PASS;;;;NULL;NULL
tim_id;NULL;v_f_time;ca;NVARCHAR;Unique internal revision-dependent ID of the aggregatedtime item.;UTF-8;UTF-8;;1;;;;PASS;;;;NULL;NULL
tim_updatetime;NULL;v_f_time;ca;TIMESTAMP;The time when the V_F_Time entry was generated orupdated by the Warehouse transfer.;UTF-8;UTF-8;;NULL;;;;PASS;;;;NULL;NULL
casd_id;NULL;v_f_time;ca;NVARCHAR;CaseDetail ID;UTF-8;UTF-8;;NULL;;;;PASS;;;;NULL;NULL
casd_docid;NULL;v_f_time;ca;NVARCHAR;Unique internal ID per case data item, identical for differentrevisions of the same item.;UTF-8;UTF-8;;NULL;;;;PASS;;;;NULL;NULL
cal_id;NULL;v_f_time;ca;NUMERIC;Calendar ID, unique ID referencing to V_F_Calendar. It canbe used for grouping the timestamps.;UTF-8;UTF-8;;NULL;;;;PASS;;;;NULL;NULL
timt_id;NULL;v_f_time;ca;NUMERIC;TimeType ID, unique ID referencing to V_TimeType used toget the type of the timestamp for the case. (e.g. Anesthesiastart time, Surgery end, PACU admission time);UTF-8;UTF-8;;NULL;;;;PASS;;;;NULL;NULL
pat_id;NULL;v_f_time;ca;NVARCHAR;Patient ID, unique ID referencing to V_Patient. Used to getpatient related information for the case. Loaded from thePatient_ContactPerson.FirstRevID.;UTF-8;UTF-8;;NULL;;;;PASS;;;;NULL;NULL
casm_id;NULL;v_f_time;ca;NVARCHAR;MainCase ID, unique ID referencing to V_MainCase. Usedto get data from the main (Periop) case where this sub-casebelongs to. If this case already is the main (periop) case, it isthe same case identifier. Loaded from the CaseMain.Parent-CaseFrID and can be joined to CaseMain.FirstRevID.;UTF-8;UTF-8;;NULL;;;;PASS;;;;NULL;NULL
casp_id;NULL;v_f_time;ca;NVARCHAR;CasePhase ID, unique ID referencing to V_CasePhase usedto get information about the phase of this case. (e.g. periop,preop, intraop, postop). Loaded from the CaseMain.Case-ClassFRID and can be joined to CaseClass.FirstRevID.;UTF-8;UTF-8;;NULL;;;;PASS;;;;NULL;NULL
cast_id;NULL;v_f_time;ca;NVARCHAR;CaseType ID, unique ID referencing to V_CaseType. Usedto get the type of this case (e.g. elective, emergency).Loaded from the CaseMain.CaseTypeFRID and can bejoined to CaseType.FirstRevID.;UTF-8;UTF-8;;NULL;;;;PASS;;;;NULL;NULL
asa_id;NULL;v_f_time;ca;NVARCHAR;ASA ID, unique ID referencing to V_ASAClass, Used to getthe ASA class of this case. Loaded from the variable Map-Code (e.g. ASA in the global configuration) and can bejoined to ValueChoice.FirstRevID. The variable MapCode isconfigurable.;UTF-8;UTF-8;;NULL;;;;PASS;;;;NULL;NULL
anet_id;NULL;v_f_time;ca;NVARCHAR;AneTechnique ID, unique ID referencing to V_AnesthesiaT-echnique, Used to get the primary anesthesia technique ofthis case. Loaded from the variable Primary anesthesia tech-nique and can be joined to ValueChoice.FirstRevID.;UTF-8;UTF-8;;NULL;;;;PASS;;;;NULL;NULL
surs_id;NULL;v_f_time;ca;NVARCHAR;SurgicalService ID, unique ID referencing to V_SurgicalSer-vice, Used to get the surgical service of this case. Loadedfrom the CaseMain.ServiceFRID and can be joined to Ser-vice.FirstRevID.Column Name                 Data Type    Description;UTF-8;UTF-8;;NULL;;;;PASS;;;;NULL;NULL
pdld_id;NULL;v_f_time;ca;NVARCHAR;Diagnosis ID, unique ID referencing to V_ProcDiagList (Pri-mary Diagnose), Used to get the primary diagnosis of thiscase. Loaded from the PatientHealthProblem.Diagnosis-CodedItemFRID.;UTF-8;UTF-8;;NULL;;;;PASS;;;;NULL;NULL
pdlp_id;NULL;v_f_time;ca;NVARCHAR;Diagnose ID, unique ID referencing to V_ProcDiagList (Pri-mary Procedure), Used to get the primary procedure of thiscase. Loaded from the PatientCode.CodedItemFRID.;UTF-8;UTF-8;;NULL;;;;PASS;;;;NULL;NULL
loc_id;NULL;v_f_time;ca;NVARCHAR;Location ID, unique ID referencing to V_Location (locationsfor patient), Used to get the room of this case (e.g. operatingroom 1). Loaded from the PatientLocation.RoomFRID com-bined with PatientLocation.DepartmentFRID. Can only bejoined to the base tables by using the V_Loca-tion.Loc_RoomID=Room.FirstRevID and V_Loca-tion.Loc_DepartmentID=Department.FirstRevID.;UTF-8;UTF-8;;NULL;;;;PASS;;;;NULL;NULL
patc_id;NULL;v_f_time;ca;NUMERIC;Patient case age ID, unique ID referencing to V_PatientCa-seAge, Used to get patient case age of the case for group-ing, sorting, etc. Precalculated out of the patient's birthdayand case start time, using different granularities dependingon the age. For more details about these granularities, checksection “V_PatientCaseAge”.;UTF-8;UTF-8;;NULL;;;;PASS;;;;NULL;NULL
staa_id;NULL;v_f_time;ca;NVARCHAR;Primary Anesthesiologist ID, unique ID referencing toV_Staff, Used to get the last primary anesthesiologist of thiscase. Loaded from the CasePersonnel.FirstRevID and canbe joined to StaffMember.FirstRevID. If more primary or non-primary staff is needed the fact table F_StaffUsage needs tobe joined by using the CasD_ID.;UTF-8;UTF-8;;NULL;;;;NULL;;;;NULL;NULL
stas_id;NULL;v_f_time;ca;NVARCHAR;Primary Surgeon, unique ID referencing to V_Staff, Used toget the last primary surgeon of this case. Loaded from theCasePersonnel.FirstRevID and can be joined to StaffMem-ber.FirstRevID. If more primary or non-primary staff isneeded the fact table F_StaffUsage needs to be joined byusing the CasD_ID.;UTF-8;UTF-8;;NULL;;;;NULL;;;;NULL;NULL
stan_id;NULL;v_f_time;ca;NVARCHAR;Primary Nurse, unique ID referencing to V_Staff, Used to getthe last primary nurse of this case. Loaded from theCasePersonnel.FirstRevID and can be joined to StaffMem-ber.FirstRevID. If more primary or non-primary staff isneeded the fact table F_StaffUsage needs to be joined byusing the CasD_ID.;UTF-8;UTF-8;;NULL;;;;NULL;;;;NULL;NULL
patcla_id;NULL;v_f_time;ca;NVARCHAR;Patient class, unique ID referencing to V_PatientClass.;UTF-8;UTF-8;;NULL;;;;PASS;;;;NULL;NULL
spec_id;NULL;v_f_time;ca;NVARCHAR;Specialty of the case, unique ID referencing to V_Speciality .;UTF-8;UTF-8;;NULL;;;;PASS;;;;NULL;NULL
woundcla_id;NULL;v_f_time;ca;NVARCHAR;Wound classification of the case, unique ID referencing toV_WoundClass.;UTF-8;UTF-8;;NULL;;;;PASS;;;;NULL;NULL
tim_recordedtime;NULL;v_f_time;ca;TIMESTAMP;TimeStamp for the recorded time.;UTF-8;UTF-8;;NULL;;;;PASS;;;;NULL;NULL
job_id;NULL;v_jobrole;ca;NVARCHAR;Unique internal revision-dependent ID.;UTF-8;UTF-8;;1;;;;PASS;;;;NULL;NULL
job_updatetime;NULL;v_jobrole;ca;TIMESTAMP;Last update time of the referenced job role.;UTF-8;UTF-8;;NULL;;;;PASS;;;;NULL;NULL
job_docid;NULL;v_jobrole;ca;NVARCHAR;Unique internal ID per data item, identical for different revi-sions of the same item.;UTF-8;UTF-8;;NULL;;;;PASS;;;;NULL;NULL
job_mapcode;NULL;v_jobrole;ca;NVARCHAR;The fixed textual external identifier to find this item.;UTF-8;UTF-8;;NULL;;;;PASS;;;;NULL;NULL
job_name;NULL;v_jobrole;ca;NVARCHAR;Name.;UTF-8;UTF-8;;NULL;;;;PASS;;;;NULL;NULL
job_abbreviation;NULL;v_jobrole;ca;NVARCHAR;Abbreviation.;UTF-8;UTF-8;;NULL;;;;PASS;;;;NULL;NULL
job_description;NULL;v_jobrole;ca;NVARCHAR;Description.Examples:AnesthesiologistSurgeonNurse anesthetistAnesthesia technician;UTF-8;UTF-8;;NULL;;;;PASS;;;;NULL;NULL
loc_id;NULL;v_location;ca;NVARCHAR;Unique internal revision-dependent ID of the aggregatedlocation item.;UTF-8;UTF-8;;1;;;;PASS;;;;NULL;NULL
loc_updatetime;NULL;v_location;ca;TIMESTAMP;The time when the V_Location entry was generated by theWarehouse transfer.;UTF-8;UTF-8;;NULL;;;;PASS;;;;NULL;NULL
loc_idroomgroup;NULL;v_location;ca;NVARCHAR;Unique internal ID per room, identical for different revisionsof the same item.;UTF-8;UTF-8;;NULL;;;;PASS;;;;NULL;NULL
loc_roomid;NULL;v_location;ca;NVARCHAR;Unique internal revision-dependent ID of the room.;UTF-8;UTF-8;;NULL;;;;PASS;;;;NULL;NULL
loc_roommapcode;NULL;v_location;ca;NVARCHAR;The fixed textual external identifier to find this room.;UTF-8;UTF-8;;NULL;;;;PASS;;;;NULL;NULL
loc_roomident;NULL;v_location;ca;NVARCHAR;Identifier of the room (originates from room.id).;UTF-8;UTF-8;;NULL;;;;PASS;;;;NULL;NULL
loc_roomabbreviation;NULL;v_location;ca;NVARCHAR;Abbreviation of the room.;UTF-8;UTF-8;;NULL;;;;PASS;;;;NULL;NULL
loc_roomname;NULL;v_location;ca;NVARCHAR;Name of the room.;UTF-8;UTF-8;;NULL;;;;PASS;;;;NULL;NULL
loc_roomtype;NULL;v_location;ca;NVARCHAR;Name of the room type.;UTF-8;UTF-8;;NULL;;;;PASS;;;;NULL;NULL
loc_iddepartmentgroup;NULL;v_location;ca;NVARCHAR;Unique internal ID per department, identical for different revi-sions of the same item.;UTF-8;UTF-8;;NULL;;;;PASS;;;;NULL;NULL
loc_departmentid;NULL;v_location;ca;NVARCHAR;Unique internal revision-dependent ID of the department.;UTF-8;UTF-8;;NULL;;;;PASS;;;;NULL;NULL
loc_departmentmapcode;NULL;v_location;ca;NVARCHAR;The fixed textual external identifier to find this department.;UTF-8;UTF-8;;NULL;;;;PASS;;;;NULL;NULL
loc_departmentident;NULL;v_location;ca;NVARCHAR;Identifier of the department (originates from department.id).;UTF-8;UTF-8;;NULL;;;;PASS;;;;NULL;NULL
loc_departmentabbreviation;NULL;v_location;ca;NVARCHAR;Abbreviation of the department.;UTF-8;UTF-8;;NULL;;;;PASS;;;;NULL;NULL
loc_departmentname;NULL;v_location;ca;NVARCHAR;Name of the department.;UTF-8;UTF-8;;NULL;;;;PASS;;;;NULL;NULL
loc_deptypemapcode;NULL;v_location;ca;NVARCHAR;The fixed textual external identifier to find this departmenttype.;UTF-8;UTF-8;;NULL;;;;PASS;;;;NULL;NULL
loc_deptypename;NULL;v_location;ca;NVARCHAR;Name of the department type.;UTF-8;UTF-8;;NULL;;;;PASS;;;;NULL;NULL
loc_deptypeabb;NULL;v_location;ca;NVARCHAR;Abbreviation of the department type.V_MainCaseThis view contains one entry for every periop case in the CaseMain table. It is a replacementof the old CERE view D_CaseMedical and can be used for accessing the VisitID or forcompatibility purposes.;UTF-8;UTF-8;;NULL;;;;PASS;;;;NULL;NULL
casm_id;NULL;v_maincase;ca;NVARCHAR;Unique internal revision-independent ID of the periop case(CaseMain.firstrevid).;UTF-8;UTF-8;;1;;;;PASS;;;;NULL;NULL
casm_updatetime;NULL;v_maincase;ca;TIMESTAMP;The time when the corresponding casemain was written.;UTF-8;UTF-8;;NULL;;;;PASS;;;;NULL;NULL
casm_docid;NULL;v_maincase;ca;NVARCHAR;Unique internal revision-dependent ID of the periop case(CaseMain.documentid).Column Name                Data Type     Description;UTF-8;UTF-8;;NULL;;;;PASS;;;;NULL;NULL
casm_visitid;NULL;v_maincase;ca;NVARCHAR;VisitID of the periop case (Visit.visitid).;UTF-8;UTF-8;;NULL;;;;PASS;;;;NULL;NULL
casm_caseid;NULL;v_maincase;ca;NVARCHAR;Extra case identifier (CaseMain.CaseID).V_OrdinalVariableChoicesContains the ordinal values (e.g. Male, Female) available for certain variables. Each entryrepresents one value option of a certain variable, therefore, the same ordinal value(valuechoice) might exist multiple times for different variables.;UTF-8;UTF-8;;NULL;;;;PASS;;;;NULL;NULL
pat_id;NULL;v_patient;ca;NVARCHAR;Unique internal revision-independent ID of the patient.;UTF-8;UTF-8;;1;;;;PASS;;;;NULL;NULL
pat_updatetime;NULL;v_patient;ca;TIMESTAMP;Last update time of the referenced patient_contactpersonentry.;UTF-8;UTF-8;;NULL;;;;PASS;;;;NULL;NULL
pat_docid;NULL;v_patient;ca;NVARCHAR;Unique internal revision-dependent ID of the patient.;UTF-8;UTF-8;;NULL;;;;PASS;;;;NULL;NULL
pat_mapcode;NULL;v_patient;ca;NVARCHAR;Textual external identifier of the patient.;UTF-8;UTF-8;;NULL;;;;PASS;;;;NULL;NULL
pat_patientid;NULL;v_patient;ca;NVARCHAR;Hospital identifier of the patient.;UTF-8;UTF-8;;NULL;;;;HASH;;;;NULL;NULL
pat_ssid;NULL;v_patient;ca;NVARCHAR;Social security number.;UTF-8;UTF-8;;NULL;;;;HASH;;;;NULL;NULL
pat_firstname;NULL;v_patient;ca;NVARCHAR;First name.;UTF-8;UTF-8;;NULL;;;;NULL;;;;NULL;NULL
pat_lastname;NULL;v_patient;ca;NVARCHAR;Last name.;UTF-8;UTF-8;;NULL;;;;NULL;;;;NULL;NULL
pat_dateofbirth;NULL;v_patient;ca;TIMESTAMP;Birthdate.;UTF-8;UTF-8;;NULL;;;;NULL;;;;NULL;NULL
pat_nameprefix;NULL;v_patient;ca;NVARCHAR;Prefixes of the name.;UTF-8;UTF-8;;NULL;;;;NULL;;;;NULL;NULL
pat_personid;NULL;v_patient;ca;NVARCHAR;Person identifier.;UTF-8;UTF-8;;NULL;;;;NULL;;;;NULL;NULL
pat_middlename;NULL;v_patient;ca;NVARCHAR;Middle name.;UTF-8;UTF-8;;NULL;;;;NULL;;;;NULL;NULL
pat_namesuffix;NULL;v_patient;ca;NVARCHAR;Person name suffix, eg Jr, Sr.;UTF-8;UTF-8;;NULL;;;;NULL;;;;NULL;NULL
pat_maidenname;NULL;v_patient;ca;NVARCHAR;Birth name of the person.;UTF-8;UTF-8;;NULL;;;;PASS;;;;NULL;NULL
pat_title;NULL;v_patient;ca;NVARCHAR;Title like Prof, Dr etc.;UTF-8;UTF-8;;NULL;;;;NULL;;;;NULL;NULL
pat_birthplace;NULL;v_patient;ca;NVARCHAR;Location where the person is born.;UTF-8;UTF-8;;NULL;;;;PASS;;;;NULL;NULL
pat_deathdate;NULL;v_patient;ca;TIMESTAMP;Person's date of death.;UTF-8;UTF-8;;NULL;;;;PASS;;;;NULL;NULL
pat_profession;NULL;v_patient;ca;NVARCHAR;Profession/job of the person.;UTF-8;UTF-8;;NULL;;;;NULL;;;;NULL;NULL
pat_employer;NULL;v_patient;ca;NVARCHAR;Current employer of the person.;UTF-8;UTF-8;;NULL;;;;NULL;;;;NULL;NULL
pat_nationality;NULL;v_patient;ca;NVARCHAR;Nationality.;UTF-8;UTF-8;;NULL;;;;PASS;;;;NULL;NULL
pat_vip;NULL;v_patient;ca;INTEGER;1 = very important person, 0 = others.;UTF-8;UTF-8;;NULL;;;;NULL;;;;NULL;NULL
pat_folder;NULL;v_patient;ca;NVARCHAR;The folder id references table SYS_DocumentsOf-Folder.folderid which contains (beside other entries) anindex of all patient related documents via their FirstRevid.The folderid allows a fast filtering of all patient and case datatables for a certain patient.V_PatientCaseAgePatient case age dimension table for grouping patient ages into ranges for reporting. Patient'scase age = patient's age when intraop case is started. This dimension is referenced in the;UTF-8;UTF-8;;NULL;;;;PASS;;;;NULL;NULL
patc_id;NULL;v_patientcaseage;ca;NUMERIC;Unique internal revision-independent ID.;UTF-8;UTF-8;;1;;;;PASS;;;;NULL;NULL
patc_ageinyears;NULL;v_patientcaseage;ca;INTEGER;Number of the full years (0, 3-150).;UTF-8;UTF-8;;NULL;;;;PASS;;;;NULL;NULL
patc_ageinmonths;NULL;v_patientcaseage;ca;INTEGER;Number of the months (0, 3-35).;UTF-8;UTF-8;;NULL;;;;PASS;;;;NULL;NULL
patc_ageindays;NULL;v_patientcaseage;ca;INTEGER;Number of the days (0Age is given as follows, with only one unit (year, month or day) at a time:•   age < 3 months: in days only•   age >= 3 months and < 3 years: in months only•   age >= 3 years: in years onlyExample data of dimension V_PatientCaseAgePatient’s calculated case agePatC_AgeInYears PatC_AgeInMonths    PatC_AgeInDays9 days                    0                  0                   912 months (1 year)        0                  12                  055 years                  55                 0                   0V_PatientClassThis view contains the list of all available patient classes, aggregated data from tablesVariable, ValueChoice, ValueChoiceSet. This dimension is referenced in the star model by;UTF-8;UTF-8;;NULL;;;;PASS;;;;NULL;NULL
patcla_id;NULL;v_patientclass;ca;NVARCHAR;Unique internal revision-dependent ID.;UTF-8;UTF-8;;1;;;;PASS;;;;NULL;NULL
patcla_updatetime;NULL;v_patientclass;ca;TIMESTAMP;The time when the V_PatientClass entry was generated bythe Warehouse transfer.;UTF-8;UTF-8;;NULL;;;;PASS;;;;NULL;NULL
patcla_docid;NULL;v_patientclass;ca;NVARCHAR;Unique internal ID per data item, identical for different revi-sions of the same item.;UTF-8;UTF-8;;NULL;;;;PASS;;;;NULL;NULL
patcla_mapcode;NULL;v_patientclass;ca;NVARCHAR;The fixed textual external identifier to find this item.;UTF-8;UTF-8;;NULL;;;;PASS;;;;NULL;NULL
patcla_patientclass;NULL;v_patientclass;ca;NVARCHAR;Name.;UTF-8;UTF-8;;NULL;;;;PASS;;;;NULL;NULL
patcla_abbreviation;NULL;v_patientclass;ca;NVARCHAR;Abbreviation.;UTF-8;UTF-8;;NULL;;;;PASS;;;;NULL;NULL
patcla_systemcode;NULL;v_patientclass;ca;NVARCHAR;The fixed textual external identifier to find this item.Examples:InpatientOutpatientDay surgeryV_PatientGenderThis view contains the list of all genders which can be assigned to patients, aggregated datafrom tables Variable, ValueChoice, ValueChoiceSet. This dimension is referenced in the star;UTF-8;UTF-8;;NULL;;;;PASS;;;;NULL;NULL
patg_id;NULL;v_patientgender;ca;NVARCHAR;Unique internal revision-dependent ID.;UTF-8;UTF-8;;1;;;;PASS;;;;NULL;NULL
patg_updatetime;NULL;v_patientgender;ca;TIMESTAMP;The time when the V_PatientGender entry was generated bythe Warehouse transfer.;UTF-8;UTF-8;;NULL;;;;PASS;;;;NULL;NULL
patg_docid;NULL;v_patientgender;ca;NVARCHAR;Unique internal ID per data item, identical for different revi-sions of the same item.;UTF-8;UTF-8;;NULL;;;;PASS;;;;NULL;NULL
patg_mapcode;NULL;v_patientgender;ca;NVARCHAR;The fixed textual external identifier to find this item.;UTF-8;UTF-8;;NULL;;;;PASS;;;;NULL;NULL
patg_gender;NULL;v_patientgender;ca;NVARCHAR;Name.;UTF-8;UTF-8;;NULL;;;;PASS;;;;NULL;NULL
patg_abbreviation;NULL;v_patientgender;ca;NVARCHAR;Abbreviation.;UTF-8;UTF-8;;NULL;;;;PASS;;;;NULL;NULL
patg_systemcode;NULL;v_patientgender;ca;NVARCHAR;The fixed textual external identifier to find this item.V_PharmaGroupThis view contains the list of all available groups which pharmaceutical products might belong;UTF-8;UTF-8;;NULL;;;;PASS;;;;NULL;NULL
phag_id;NULL;v_pharmagroup;ca;NVARCHAR;Unique ID of the pharma group. Loaded from the Sys_-Folder.FolderID.;UTF-8;UTF-8;;1;;;;PASS;;;;NULL;NULL
phag_updatetime;NULL;v_pharmagroup;ca;TIMESTAMP;The time when the V_ PharmaGroup entry was generatedby the Warehouse transfer.;UTF-8;UTF-8;;NULL;;;;PASS;;;;NULL;NULL
phag_name;NULL;v_pharmagroup;ca;NVARCHAR;Name of the pharma group.V_PharmaProductThis view contains the list of all available pharmaceutical products. This dimension is;UTF-8;UTF-8;;NULL;;;;PASS;;;;NULL;NULL
pha_id;NULL;v_pharmaproduct;ca;NVARCHAR;Unique ID of the pharmaceutical product. Loaded from thePharmaProduct.FirstRevID.;UTF-8;UTF-8;;1;;;;PASS;;;;NULL;NULL
pha_updatetime;NULL;v_pharmaproduct;ca;TIMESTAMP;Time when the row was inserted or updated.;UTF-8;UTF-8;;NULL;;;;PASS;;;;NULL;NULL
pha_idgroup;NULL;v_pharmaproduct;ca;NVARCHAR;DocumentID of the pharmaceutical product.;UTF-8;UTF-8;;NULL;;;;PASS;;;;NULL;NULL
pha_mapcode;NULL;v_pharmaproduct;ca;NVARCHAR;Configurable code for data mapping. Mapcode of the phar-maceutical product.;UTF-8;UTF-8;;NULL;;;;PASS;;;;NULL;NULL
pha_name;NULL;v_pharmaproduct;ca;NVARCHAR;Unabbreviated name of the product.;UTF-8;UTF-8;;NULL;;;;PASS;;;;NULL;NULL
pha_abbreviation;NULL;v_pharmaproduct;ca;NVARCHAR;Abbreviation of the product name.;UTF-8;UTF-8;;NULL;;;;PASS;;;;NULL;NULL
pha_description;NULL;v_pharmaproduct;ca;NVARCHAR;Descriptive text.;UTF-8;UTF-8;;NULL;;;;PASS;;;;NULL;NULL
pha_group;NULL;v_pharmaproduct;ca;NVARCHAR;Pharma product group (e.g. opioids, fluids...);UTF-8;UTF-8;;NULL;;;;PASS;;;;NULL;NULL
pha_typename;NULL;v_pharmaproduct;ca;NVARCHAR;Name of the pharma type.;UTF-8;UTF-8;;NULL;;;;PASS;;;;NULL;NULL
pha_typemapcode;NULL;v_pharmaproduct;ca;NVARCHAR;Mapcode of the pharma type.;UTF-8;UTF-8;;NULL;;;;PASS;;;;NULL;NULL
pha_type;NULL;v_pharmaproduct;ca;SMALLINT;Type of pharma product.;UTF-8;UTF-8;;NULL;;;;PASS;;;;NULL;NULL
pha_typefluid;NULL;v_pharmaproduct;ca;BIT;Fluid of the pharma type.;UTF-8;UTF-8;;NULL;;;;PASS;;;;NULL;NULL
pha_typeblood;NULL;v_pharmaproduct;ca;BIT;Pharma type blood.;UTF-8;UTF-8;;NULL;;;;PASS;;;;NULL;NULL
pha_controlled;NULL;v_pharmaproduct;ca;BIT;Is the pharmaceutical product controlled or not. Some phar-maceutical products are considered narcotics, and usually atleast those are controlled.;UTF-8;UTF-8;;NULL;;;;PASS;;;;NULL;NULL
pha_form;NULL;v_pharmaproduct;ca;NVARCHAR;Form of the pharmaceutical product (fluid, tablet, powder,creme.)Pha_DoseFormRatio          float(53)     Concentration of the ingredients.Pha_VolumeFormRatio        float(53)     Multiplier to convert the pharmaceutical product amountbetween its dose unit and form unit.Pha_BalEffectFormRatio     float(53)     Balance effect form ratio.;UTF-8;UTF-8;;NULL;;;;PASS;;;;NULL;NULL
pha_doseformratio;NULL;v_pharmaproduct;ca;DOUBLE;Concentration of the ingredients.;UTF-8;UTF-8;;NULL;;;;PASS;;;;NULL;NULL
pha_volumeformratio;NULL;v_pharmaproduct;ca;DOUBLE;Multiplier to convert the pharmaceutical product amountbetween its dose unit and form unit.;UTF-8;UTF-8;;NULL;;;;PASS;;;;NULL;NULL
pha_baleffectformratio;NULL;v_pharmaproduct;ca;DOUBLE;Balance effect form ratio.;UTF-8;UTF-8;;NULL;;;;PASS;;;;NULL;NULL
pha_primarydosingunit;NULL;v_pharmaproduct;ca;NVARCHAR;Dose of the concentration of the ingredient.;UTF-8;UTF-8;;NULL;;;;PASS;;;;NULL;NULL
pha_trendtotalunit;NULL;v_pharmaproduct;ca;NVARCHAR;Unit which is shown in the summary area of the pharmaceu-tical product in the trend display.;UTF-8;UTF-8;;NULL;;;;PASS;;;;NULL;NULL
pha_fluidvolumeunit;NULL;v_pharmaproduct;ca;NVARCHAR;Volume of the fluid which the ingredient;UTF-8;UTF-8;;NULL;;;;PASS;;;;NULL;NULL
pha_trendbolusunit;NULL;v_pharmaproduct;ca;NVARCHAR;Unit which is shown in the trend display for bolus records forthis pharmaceutical product.;UTF-8;UTF-8;;NULL;;;;PASS;;;;NULL;NULL
pha_trendinfusionunit;NULL;v_pharmaproduct;ca;NVARCHAR;Unit which is shown in the trend display for infusion recordsfor this pharmaceutical product.;UTF-8;UTF-8;;NULL;;;;PASS;;;;NULL;NULL
pha_primaryroute;NULL;v_pharmaproduct;ca;NVARCHAR;Default route with which this pharmaceutical product is usu-ally given.;UTF-8;UTF-8;;NULL;;;;PASS;;;;NULL;NULL
pha_routemapcode;NULL;v_pharmaproduct;ca;NVARCHAR;Mapcode of the primary pharma route.;UTF-8;UTF-8;;NULL;;;;PASS;;;;NULL;NULL
pha_preferredadditiveset;NULL;v_pharmaproduct;ca;NVARCHAR;Shows whether this pharmaceutical product can be mixed (;UTF-8;UTF-8;;NULL;;;;PASS;;;;NULL;NULL
pha_reldosingunit;NULL;v_pharmaproduct;ca;NVARCHAR;Configured relative dosing unit for this product in case ofusing it in a bolus.Column Name                Data Type     Description;UTF-8;UTF-8;;NULL;;;;PASS;;;;NULL;NULL
pha_relrateunit;NULL;v_pharmaproduct;ca;NVARCHAR;Configured relative rate unit for this product in case of usingit in an infusion.V_ProcDiagListThis view contains the list of all available diagnoses and procedures, aggregated data fromtables CodedItem, CodeGroup and CodingSystem. This dimension is referenced in the star;UTF-8;UTF-8;;NULL;;;;PASS;;;;NULL;NULL
pdl_id;NULL;v_procdiaglist;ca;NVARCHAR;Unique internal revision-dependent ID.;UTF-8;UTF-8;;1;;;;PASS;;;;NULL;NULL
pdl_updatetime;NULL;v_procdiaglist;ca;TIMESTAMP;The time when the V_ProgDiagList entry was generated bythe Warehouse transfer.;UTF-8;UTF-8;;NULL;;;;PASS;;;;NULL;NULL
pdl_idgroup;NULL;v_procdiaglist;ca;NVARCHAR;Unique internal ID of the diagnosis/procedure group item.;UTF-8;UTF-8;;NULL;;;;PASS;;;;NULL;NULL
pdl_mapcode;NULL;v_procdiaglist;ca;NVARCHAR;The fixed textual external identifier to find this diagnosis /procedure.;UTF-8;UTF-8;;NULL;;;;PASS;;;;NULL;NULL
pdl_code;NULL;v_procdiaglist;ca;NVARCHAR;Typically the standardized code of the diagnosis / procedure(e.g., K80.00).;UTF-8;UTF-8;;NULL;;;;PASS;;;;NULL;NULL
pdl_name;NULL;v_procdiaglist;ca;NVARCHAR;Name of the diagnosis / procedure.;UTF-8;UTF-8;;NULL;;;;PASS;;;;NULL;NULL
pdl_desc;NULL;v_procdiaglist;ca;NVARCHAR;Unique internal revision-dependent ID.;UTF-8;UTF-8;;NULL;;;;PASS;;;;NULL;NULL
pdl_groupmapcode;NULL;v_procdiaglist;ca;NVARCHAR;The fixed textual external identifier to find the diagnosis /procedure group.;UTF-8;UTF-8;;NULL;;;;PASS;;;;NULL;NULL
pdl_groupcode;NULL;v_procdiaglist;ca;NVARCHAR;Typically the standardized code of the diagnosis / proceduregroup.;UTF-8;UTF-8;;NULL;;;;PASS;;;;NULL;NULL
pdl_groupname;NULL;v_procdiaglist;ca;NVARCHAR;Name of the diagnosis/procedure group.;UTF-8;UTF-8;;NULL;;;;PASS;;;;NULL;NULL
pdl_groupdesc;NULL;v_procdiaglist;ca;NVARCHAR;Description of the diagnosis/procedure group.;UTF-8;UTF-8;;NULL;;;;PASS;;;;NULL;NULL
pdl_csmapcode;NULL;v_procdiaglist;ca;NVARCHAR;The fixed textual external identifier to find the coding system.PDL_CodingSystem           nvarchrar(150)Long name of the coding system (e.g. ICD10-GM2011 ).V_RouteThis view contains the configured routes of the hospital. This dimension is referenced in the;UTF-8;UTF-8;;NULL;;;;PASS;;;;NULL;NULL
pdl_codingsystem;NULL;v_procdiaglist;ca;NVARCHAR;name of the coding system (e.g. ICD10-GM2011 ).;UTF-8;UTF-8;;NULL;;;;PASS;;;;NULL;NULL
rou_id;NULL;v_route;ca;NVARCHAR;Unique internal revision-dependent ID.;UTF-8;UTF-8;;1;;;;PASS;;;;NULL;NULL
rou_docid;NULL;v_route;ca;NVARCHAR;Unique internal revision-independent ID.;UTF-8;UTF-8;;NULL;;;;PASS;;;;NULL;NULL
rou_name;NULL;v_route;ca;NVARCHAR;Name of the route.;UTF-8;UTF-8;;NULL;;;;PASS;;;;NULL;NULL
rou_description;NULL;v_route;ca;NVARCHAR;Description of the route.;UTF-8;UTF-8;;NULL;;;;PASS;;;;NULL;NULL
rou_medication;NULL;v_route;ca;INTEGER;Flag for medication.;UTF-8;UTF-8;;NULL;;;;PASS;;;;NULL;NULL
rou_infusion;NULL;v_route;ca;INTEGER;Flag for infusion.;UTF-8;UTF-8;;NULL;;;;PASS;;;;NULL;NULL
rou_insertion;NULL;v_route;ca;INTEGER;Flag for insertion.;UTF-8;UTF-8;;NULL;;;;PASS;;;;NULL;NULL
rou_mapcode;NULL;v_route;ca;NVARCHAR;The fixed textual external identifier to find the route.;UTF-8;UTF-8;;NULL;;;;PASS;;;;NULL;NULL
rou_mapname;NULL;v_route;ca;NVARCHAR;The configured name for the data mapping.;UTF-8;UTF-8;;NULL;;;;PASS;;;;NULL;NULL
rou_abbreviation;NULL;v_route;ca;NVARCHAR;The abbreviation of the name.V_SpecialityThis view contains the configured specialities of the hospital. This dimension is referenced in;UTF-8;UTF-8;;NULL;;;;PASS;;;;NULL;NULL
spec_id;NULL;v_speciality;ca;NVARCHAR;Unique internal revision-dependent ID.;UTF-8;UTF-8;;1;;;;PASS;;;;NULL;NULL
spec_updatetime;NULL;v_speciality;ca;TIMESTAMP;Last update time of the referenced speciality entry.;UTF-8;UTF-8;;NULL;;;;PASS;;;;NULL;NULL
spec_docid;NULL;v_speciality;ca;NVARCHAR;Unique internal revision-independent ID.;UTF-8;UTF-8;;NULL;;;;PASS;;;;NULL;NULL
spec_mapcode;NULL;v_speciality;ca;NVARCHAR;The fixed textual external identifier to find the speciality.;UTF-8;UTF-8;;NULL;;;;PASS;;;;NULL;NULL
spec_abbreviation;NULL;v_speciality;ca;NVARCHAR;The abbreviation.;UTF-8;UTF-8;;NULL;;;;PASS;;;;NULL;NULL
spec_speciality;NULL;v_speciality;ca;NVARCHAR;The name of the speciality.;UTF-8;UTF-8;;NULL;;;;PASS;;;;NULL;NULL
spec_description;NULL;v_speciality;ca;LONGVARCHAR;Description.V_StaffThis view contains a list of all staff members who were available in the system until now.Source table is StaffMember. This dimension is referenced in the star model by the following;UTF-8;UTF-8;;NULL;;;;PASS;;;;NULL;NULL
sta_id;NULL;v_staff;ca;NVARCHAR;Unique internal revision-dependent ID.;UTF-8;UTF-8;;1;;;;PASS;;;;NULL;NULL
sta_updatetime;NULL;v_staff;ca;TIMESTAMP;Last update time of the referenced staff member.;UTF-8;UTF-8;;NULL;;;;PASS;;;;NULL;NULL
sta_docid;NULL;v_staff;ca;NVARCHAR;Unique internal ID per data item, identical for different revi-sions of the same item.;UTF-8;UTF-8;;NULL;;;;PASS;;;;NULL;NULL
sta_mapcode;NULL;v_staff;ca;NVARCHAR;The fixed textual external identifier to find this staff member.;UTF-8;UTF-8;;NULL;;;;NULL;;;;NULL;NULL
sta_personnelid;NULL;v_staff;ca;NVARCHAR;The personnel id. Originates from StaffMember.personid.;UTF-8;UTF-8;;NULL;;;;NULL;;;;NULL;NULL
sta_lastname;NULL;v_staff;ca;NVARCHAR;Last name.;UTF-8;UTF-8;;NULL;;;;NULL;;;;NULL;NULL
sta_firstname;NULL;v_staff;ca;NVARCHAR;First name.;UTF-8;UTF-8;;NULL;;;;NULL;;;;NULL;NULL
sta_title;NULL;v_staff;ca;NVARCHAR;Title.;UTF-8;UTF-8;;NULL;;;;NULL;;;;NULL;NULL
sta_namesuffix;NULL;v_staff;ca;NVARCHAR;Name suffix.;UTF-8;UTF-8;;NULL;;;;NULL;;;;NULL;NULL
sta_description;NULL;v_staff;ca;NVARCHAR;Description / abbreviation of the staffmember (originatesfrom Staffmember.abbreviation).;UTF-8;UTF-8;;NULL;;;;NULL;;;;NULL;NULL
sta_ssid;NULL;v_staff;ca;NVARCHAR;Ssid.V_SurgicalServiceThis view contains a list of all available surgical services. Source table is service. This;UTF-8;UTF-8;;NULL;;;;NULL;;;;NULL;NULL
surs_id;NULL;v_surgicalservice;ca;NVARCHAR;Unique internal revision-dependent ID.;UTF-8;UTF-8;;1;;;;PASS;;;;NULL;NULL
surs_updatetime;NULL;v_surgicalservice;ca;TIMESTAMP;Last update time of the referenced service.;UTF-8;UTF-8;;NULL;;;;PASS;;;;NULL;NULL
surs_docid;NULL;v_surgicalservice;ca;NVARCHAR;Unique internal ID per data item, identical for different revi-sions of the same item.;UTF-8;UTF-8;;NULL;;;;PASS;;;;NULL;NULL
surs_mapcode;NULL;v_surgicalservice;ca;NVARCHAR;The fixed textual external identifier to find this item.;UTF-8;UTF-8;;NULL;;;;PASS;;;;NULL;NULL
surs_abbreviation;NULL;v_surgicalservice;ca;NVARCHAR;Abbreviation.;UTF-8;UTF-8;;NULL;;;;PASS;;;;NULL;NULL
surs_surgerytype;NULL;v_surgicalservice;ca;NVARCHAR;Name.;UTF-8;UTF-8;;NULL;;;;PASS;;;;NULL;NULL
surs_description;NULL;v_surgicalservice;ca;LONGVARCHAR;Description.Examples (MapCode):GYN1ONK1NEU1V_TimeTypeThis view contains a list of all available time types identifying certain types of medical points intime. Source table is D_TimeType which is only for Warehouse purposes. This dimension is;UTF-8;UTF-8;;NULL;;;;PASS;;;;NULL;NULL
timt_id;NULL;v_timetype;ca;NUMERIC;Unique internal revision-dependent ID.;UTF-8;UTF-8;;1;;;;PASS;;;;NULL;NULL
timt_name;NULL;v_timetype;ca;NVARCHAR;Name.;UTF-8;UTF-8;;NULL;;;;PASS;;;;NULL;NULL
timt_mapcode;NULL;v_timetype;ca;NVARCHAR;The fixed textual external identifier to find this item.;UTF-8;UTF-8;;NULL;;;;PASS;;;;NULL;NULL
timt_code;NULL;v_timetype;ca;NVARCHAR;Short code.;UTF-8;UTF-8;;NULL;;;;PASS;;;;NULL;NULL
timt_systemcode;NULL;v_timetype;ca;NVARCHAR;System code.Predefined and tested time types that are covered by default installation are in the followinglist:Case startCase endAnesthesia start timeAnesthesia end timeSurgery startSurgery endReady for treatmentAnesthesia readyFirst anesthesiologist in ORFirst surgeon in ORPACU admission time;UTF-8;UTF-8;;NULL;;;;PASS;;;;NULL;NULL
uni_id;NULL;v_unit;ca;NVARCHAR;Unique internal revision-dependent ID.;UTF-8;UTF-8;;1;;;;PASS;;;;NULL;NULL
uni_docid;NULL;v_unit;ca;NVARCHAR;Unique internal revision-independent ID.;UTF-8;UTF-8;;NULL;;;;PASS;;;;NULL;NULL
uni_name;NULL;v_unit;ca;NVARCHAR;Name of the unit.;UTF-8;UTF-8;;NULL;;;;PASS;;;;NULL;NULL
uni_abbreviation;NULL;v_unit;ca;NVARCHAR;The abbreviation of the unit.;UTF-8;UTF-8;;NULL;;;;PASS;;;;NULL;NULL
uni_description;NULL;v_unit;ca;NVARCHAR;Description of the unit.Uni_Coefficient            float(53)     A multiplier for conversion calculations.;UTF-8;UTF-8;;NULL;;;;PASS;;;;NULL;NULL
uni_coefficient;NULL;v_unit;ca;DOUBLE;A multiplier for conversion calculations.;UTF-8;UTF-8;;NULL;;;;PASS;;;;NULL;NULL
uni_mapcode;NULL;v_unit;ca;NVARCHAR;The fixed textual external identifier to find the unit.;UTF-8;UTF-8;;NULL;;;;PASS;;;;NULL;NULL
uni_mapname;NULL;v_unit;ca;NVARCHAR;The configured name for the data mapping.;UTF-8;UTF-8;;NULL;;;;PASS;;;;NULL;NULL
uni_systemcode;NULL;v_unit;ca;NVARCHAR;Read-only code for data identification.;UTF-8;UTF-8;;NULL;;;;PASS;;;;NULL;NULL
uni_systemname;NULL;v_unit;ca;NVARCHAR;Read-only code for data identification.;UTF-8;UTF-8;;NULL;;;;PASS;;;;NULL;NULL
uni_base_uni_id;NULL;v_unit;ca;NVARCHAR;ID of the base unit.;UTF-8;UTF-8;;NULL;;;;PASS;;;;NULL;NULL
uni_quantityname;NULL;v_unit;ca;NVARCHAR;Quantity of the unit.V_WoundClassThis view contains the list of all available wound classifications, aggregated data from tablesVariable, ValueChoice, ValueChoiceSet. This dimension is referenced in the star model by;UTF-8;UTF-8;;NULL;;;;PASS;;;;NULL;NULL
woundcla_id;NULL;v_woundclass;ca;NVARCHAR;Unique internal revision-dependent ID.;UTF-8;UTF-8;;1;;;;PASS;;;;NULL;NULL
woundcla_updatetime;NULL;v_woundclass;ca;TIMESTAMP;The time when the V_WoundClass entry was generated bythe Warehouse transfer.;UTF-8;UTF-8;;NULL;;;;PASS;;;;NULL;NULL
woundcla_docid;NULL;v_woundclass;ca;NVARCHAR;Unique internal ID per data item, identical for different revi-sions of the same item.;UTF-8;UTF-8;;NULL;;;;PASS;;;;NULL;NULL
woundcla_mapcode;NULL;v_woundclass;ca;NVARCHAR;The fixed textual external identifier to find this item.;UTF-8;UTF-8;;NULL;;;;PASS;;;;NULL;NULL
woundcla_woundclassification;NULL;v_woundclass;ca;NVARCHAR;Name.;UTF-8;UTF-8;;NULL;;;;PASS;;;;NULL;NULL
woundcla_abbreviation;NULL;v_woundclass;ca;NVARCHAR;Abbreviation.;UTF-8;UTF-8;;NULL;;;;PASS;;;;NULL;NULL
woundcla_systemcode;NULL;v_woundclass;ca;NVARCHAR;The fixed textual external identifier to find this item.;UTF-8;UTF-8;;NULL;;;;PASS;;;;NULL;NULL
